
coremark.rv32i.bare.riscv:     file format elf32-littleriscv


Disassembly of section .text.init:

80000000 <_start>:
80000000:	00000093          	li	ra,0
80000004:	00000113          	li	sp,0
80000008:	00000193          	li	gp,0
8000000c:	00000213          	li	tp,0
80000010:	00000293          	li	t0,0
80000014:	00000313          	li	t1,0
80000018:	00000393          	li	t2,0
8000001c:	00000413          	li	s0,0
80000020:	00000493          	li	s1,0
80000024:	00000513          	li	a0,0
80000028:	00000593          	li	a1,0
8000002c:	00000613          	li	a2,0
80000030:	00000693          	li	a3,0
80000034:	00000713          	li	a4,0
80000038:	00000793          	li	a5,0
8000003c:	00000813          	li	a6,0
80000040:	00000893          	li	a7,0
80000044:	00000913          	li	s2,0
80000048:	00000993          	li	s3,0
8000004c:	00000a13          	li	s4,0
80000050:	00000a93          	li	s5,0
80000054:	00000b13          	li	s6,0
80000058:	00000b93          	li	s7,0
8000005c:	00000c13          	li	s8,0
80000060:	00000c93          	li	s9,0
80000064:	00000d13          	li	s10,0
80000068:	00000d93          	li	s11,0
8000006c:	00000e13          	li	t3,0
80000070:	00000e93          	li	t4,0
80000074:	00000f13          	li	t5,0
80000078:	00000f93          	li	t6,0
8000007c:	0001e2b7          	lui	t0,0x1e
80000080:	3002a073          	csrs	mstatus,t0
80000084:	00100293          	li	t0,1
80000088:	01f29293          	slli	t0,t0,0x1f
8000008c:	0002ca63          	bltz	t0,800000a0 <_start+0xa0>
80000090:	00100513          	li	a0,1
80000094:	00001297          	auipc	t0,0x1
80000098:	f6a2a623          	sw	a0,-148(t0) # 80001000 <tohost>
8000009c:	ff5ff06f          	j	80000090 <_start+0x90>
800000a0:	00000297          	auipc	t0,0x0
800000a4:	04428293          	addi	t0,t0,68 # 800000e4 <trap_entry>
800000a8:	30529073          	csrw	mtvec,t0
800000ac:	00006197          	auipc	gp,0x6
800000b0:	69018193          	addi	gp,gp,1680 # 8000673c <__global_pointer$>
800000b4:	00006217          	auipc	tp,0x6
800000b8:	6cb20213          	addi	tp,tp,1739 # 8000677f <_end+0x3f>
800000bc:	fc027213          	andi	tp,tp,-64
800000c0:	f1402573          	csrr	a0,mhartid
800000c4:	00100593          	li	a1,1
800000c8:	00b57063          	bgeu	a0,a1,800000c8 <_start+0xc8>
800000cc:	01151613          	slli	a2,a0,0x11
800000d0:	00c20233          	add	tp,tp,a2
800000d4:	00150113          	addi	sp,a0,1
800000d8:	01111113          	slli	sp,sp,0x11
800000dc:	00410133          	add	sp,sp,tp
800000e0:	5310306f          	j	80003e10 <_init>

800000e4 <trap_entry>:
800000e4:	ef010113          	addi	sp,sp,-272
800000e8:	00112223          	sw	ra,4(sp)
800000ec:	00212423          	sw	sp,8(sp)
800000f0:	00312623          	sw	gp,12(sp)
800000f4:	00412823          	sw	tp,16(sp)
800000f8:	00512a23          	sw	t0,20(sp)
800000fc:	00612c23          	sw	t1,24(sp)
80000100:	00712e23          	sw	t2,28(sp)
80000104:	02812023          	sw	s0,32(sp)
80000108:	02912223          	sw	s1,36(sp)
8000010c:	02a12423          	sw	a0,40(sp)
80000110:	02b12623          	sw	a1,44(sp)
80000114:	02c12823          	sw	a2,48(sp)
80000118:	02d12a23          	sw	a3,52(sp)
8000011c:	02e12c23          	sw	a4,56(sp)
80000120:	02f12e23          	sw	a5,60(sp)
80000124:	05012023          	sw	a6,64(sp)
80000128:	05112223          	sw	a7,68(sp)
8000012c:	05212423          	sw	s2,72(sp)
80000130:	05312623          	sw	s3,76(sp)
80000134:	05412823          	sw	s4,80(sp)
80000138:	05512a23          	sw	s5,84(sp)
8000013c:	05612c23          	sw	s6,88(sp)
80000140:	05712e23          	sw	s7,92(sp)
80000144:	07812023          	sw	s8,96(sp)
80000148:	07912223          	sw	s9,100(sp)
8000014c:	07a12423          	sw	s10,104(sp)
80000150:	07b12623          	sw	s11,108(sp)
80000154:	07c12823          	sw	t3,112(sp)
80000158:	07d12a23          	sw	t4,116(sp)
8000015c:	07e12c23          	sw	t5,120(sp)
80000160:	07f12e23          	sw	t6,124(sp)
80000164:	34202573          	csrr	a0,mcause
80000168:	341025f3          	csrr	a1,mepc
8000016c:	00010613          	mv	a2,sp
80000170:	19d030ef          	jal	80003b0c <handle_trap>
80000174:	34151073          	csrw	mepc,a0
80000178:	000022b7          	lui	t0,0x2
8000017c:	80028293          	addi	t0,t0,-2048 # 1800 <_tbss_end+0x17bc>
80000180:	3002a073          	csrs	mstatus,t0
80000184:	00412083          	lw	ra,4(sp)
80000188:	00812103          	lw	sp,8(sp)
8000018c:	00c12183          	lw	gp,12(sp)
80000190:	01012203          	lw	tp,16(sp)
80000194:	01412283          	lw	t0,20(sp)
80000198:	01812303          	lw	t1,24(sp)
8000019c:	01c12383          	lw	t2,28(sp)
800001a0:	02012403          	lw	s0,32(sp)
800001a4:	02412483          	lw	s1,36(sp)
800001a8:	02812503          	lw	a0,40(sp)
800001ac:	02c12583          	lw	a1,44(sp)
800001b0:	03012603          	lw	a2,48(sp)
800001b4:	03412683          	lw	a3,52(sp)
800001b8:	03812703          	lw	a4,56(sp)
800001bc:	03c12783          	lw	a5,60(sp)
800001c0:	04012803          	lw	a6,64(sp)
800001c4:	04412883          	lw	a7,68(sp)
800001c8:	04812903          	lw	s2,72(sp)
800001cc:	04c12983          	lw	s3,76(sp)
800001d0:	05012a03          	lw	s4,80(sp)
800001d4:	05412a83          	lw	s5,84(sp)
800001d8:	05812b03          	lw	s6,88(sp)
800001dc:	05c12b83          	lw	s7,92(sp)
800001e0:	06012c03          	lw	s8,96(sp)
800001e4:	06412c83          	lw	s9,100(sp)
800001e8:	06812d03          	lw	s10,104(sp)
800001ec:	06c12d83          	lw	s11,108(sp)
800001f0:	07012e03          	lw	t3,112(sp)
800001f4:	07412e83          	lw	t4,116(sp)
800001f8:	07812f03          	lw	t5,120(sp)
800001fc:	07c12f83          	lw	t6,124(sp)
80000200:	11010113          	addi	sp,sp,272
80000204:	30200073          	mret

Disassembly of section .text:

80001048 <cmp_idx>:
80001048:	00060a63          	beqz	a2,8000105c <cmp_idx+0x14>
8000104c:	00251503          	lh	a0,2(a0)
80001050:	00259783          	lh	a5,2(a1)
80001054:	40f50533          	sub	a0,a0,a5
80001058:	00008067          	ret
8000105c:	00051783          	lh	a5,0(a0)
80001060:	01079693          	slli	a3,a5,0x10
80001064:	f007f713          	andi	a4,a5,-256
80001068:	0186d793          	srli	a5,a3,0x18
8000106c:	00f767b3          	or	a5,a4,a5
80001070:	00f51023          	sh	a5,0(a0)
80001074:	00059783          	lh	a5,0(a1)
80001078:	00251503          	lh	a0,2(a0)
8000107c:	01079693          	slli	a3,a5,0x10
80001080:	f007f713          	andi	a4,a5,-256
80001084:	0186d793          	srli	a5,a3,0x18
80001088:	00f767b3          	or	a5,a4,a5
8000108c:	00f59023          	sh	a5,0(a1)
80001090:	00259783          	lh	a5,2(a1)
80001094:	40f50533          	sub	a0,a0,a5
80001098:	00008067          	ret

8000109c <calc_func>:
8000109c:	00051803          	lh	a6,0(a0)
800010a0:	40785793          	srai	a5,a6,0x7
800010a4:	0017f793          	andi	a5,a5,1
800010a8:	00078663          	beqz	a5,800010b4 <calc_func+0x18>
800010ac:	07f87513          	andi	a0,a6,127
800010b0:	00008067          	ret
800010b4:	40385713          	srai	a4,a6,0x3
800010b8:	00f77713          	andi	a4,a4,15
800010bc:	fe010113          	addi	sp,sp,-32
800010c0:	00471793          	slli	a5,a4,0x4
800010c4:	00f70633          	add	a2,a4,a5
800010c8:	00812c23          	sw	s0,24(sp)
800010cc:	00112e23          	sw	ra,28(sp)
800010d0:	00912a23          	sw	s1,20(sp)
800010d4:	00787693          	andi	a3,a6,7
800010d8:	0385d783          	lhu	a5,56(a1)
800010dc:	00058893          	mv	a7,a1
800010e0:	00050413          	mv	s0,a0
800010e4:	00060713          	mv	a4,a2
800010e8:	08068e63          	beqz	a3,80001184 <calc_func+0xe8>
800010ec:	00100613          	li	a2,1
800010f0:	08c69263          	bne	a3,a2,80001174 <calc_func+0xd8>
800010f4:	00078613          	mv	a2,a5
800010f8:	02888513          	addi	a0,a7,40
800010fc:	00070593          	mv	a1,a4
80001100:	01012623          	sw	a6,12(sp)
80001104:	01112423          	sw	a7,8(sp)
80001108:	334010ef          	jal	8000243c <core_bench_matrix>
8000110c:	00812883          	lw	a7,8(sp)
80001110:	01051493          	slli	s1,a0,0x10
80001114:	00c12803          	lw	a6,12(sp)
80001118:	03c8d783          	lhu	a5,60(a7)
8000111c:	4104d493          	srai	s1,s1,0x10
80001120:	0a079463          	bnez	a5,800011c8 <calc_func+0x12c>
80001124:	0388d783          	lhu	a5,56(a7)
80001128:	02a89e23          	sh	a0,60(a7)
8000112c:	00078593          	mv	a1,a5
80001130:	01112623          	sw	a7,12(sp)
80001134:	01012423          	sw	a6,8(sp)
80001138:	2ad010ef          	jal	80002be4 <crcu16>
8000113c:	00812803          	lw	a6,8(sp)
80001140:	00c12883          	lw	a7,12(sp)
80001144:	00050793          	mv	a5,a0
80001148:	f0087813          	andi	a6,a6,-256
8000114c:	07f4f513          	andi	a0,s1,127
80001150:	01056833          	or	a6,a0,a6
80001154:	02f89c23          	sh	a5,56(a7)
80001158:	08086813          	ori	a6,a6,128
8000115c:	01c12083          	lw	ra,28(sp)
80001160:	01041023          	sh	a6,0(s0)
80001164:	01812403          	lw	s0,24(sp)
80001168:	01412483          	lw	s1,20(sp)
8000116c:	02010113          	addi	sp,sp,32
80001170:	00008067          	ret
80001174:	01081513          	slli	a0,a6,0x10
80001178:	01055513          	srli	a0,a0,0x10
8000117c:	00080493          	mv	s1,a6
80001180:	fadff06f          	j	8000112c <calc_func+0x90>
80001184:	02100693          	li	a3,33
80001188:	00c6e463          	bltu	a3,a2,80001190 <calc_func+0xf4>
8000118c:	02200713          	li	a4,34
80001190:	00289683          	lh	a3,2(a7)
80001194:	00089603          	lh	a2,0(a7)
80001198:	0148a583          	lw	a1,20(a7)
8000119c:	0188a503          	lw	a0,24(a7)
800011a0:	01012623          	sw	a6,12(sp)
800011a4:	01112423          	sw	a7,8(sp)
800011a8:	70c010ef          	jal	800028b4 <core_bench_state>
800011ac:	00812883          	lw	a7,8(sp)
800011b0:	01051493          	slli	s1,a0,0x10
800011b4:	00c12803          	lw	a6,12(sp)
800011b8:	03e8d783          	lhu	a5,62(a7)
800011bc:	4104d493          	srai	s1,s1,0x10
800011c0:	00079463          	bnez	a5,800011c8 <calc_func+0x12c>
800011c4:	02a89f23          	sh	a0,62(a7)
800011c8:	0388d783          	lhu	a5,56(a7)
800011cc:	f61ff06f          	j	8000112c <calc_func+0x90>

800011d0 <cmp_complex>:
800011d0:	fe010113          	addi	sp,sp,-32
800011d4:	00912a23          	sw	s1,20(sp)
800011d8:	00058493          	mv	s1,a1
800011dc:	00060593          	mv	a1,a2
800011e0:	00112e23          	sw	ra,28(sp)
800011e4:	00812c23          	sw	s0,24(sp)
800011e8:	00c12623          	sw	a2,12(sp)
800011ec:	eb1ff0ef          	jal	8000109c <calc_func>
800011f0:	00c12583          	lw	a1,12(sp)
800011f4:	00050413          	mv	s0,a0
800011f8:	00048513          	mv	a0,s1
800011fc:	ea1ff0ef          	jal	8000109c <calc_func>
80001200:	01c12083          	lw	ra,28(sp)
80001204:	40a40533          	sub	a0,s0,a0
80001208:	01812403          	lw	s0,24(sp)
8000120c:	01412483          	lw	s1,20(sp)
80001210:	02010113          	addi	sp,sp,32
80001214:	00008067          	ret

80001218 <copy_info>:
80001218:	00059703          	lh	a4,0(a1)
8000121c:	00259783          	lh	a5,2(a1)
80001220:	00e51023          	sh	a4,0(a0)
80001224:	00f51123          	sh	a5,2(a0)
80001228:	00008067          	ret

8000122c <core_list_insert_new>:
8000122c:	00062803          	lw	a6,0(a2)
80001230:	00880893          	addi	a7,a6,8
80001234:	04e8f663          	bgeu	a7,a4,80001280 <core_list_insert_new+0x54>
80001238:	0006a703          	lw	a4,0(a3)
8000123c:	00470313          	addi	t1,a4,4
80001240:	04f37063          	bgeu	t1,a5,80001280 <core_list_insert_new+0x54>
80001244:	01162023          	sw	a7,0(a2)
80001248:	00052783          	lw	a5,0(a0)
8000124c:	00059883          	lh	a7,0(a1)
80001250:	00259603          	lh	a2,2(a1)
80001254:	00f82023          	sw	a5,0(a6)
80001258:	01052023          	sw	a6,0(a0)
8000125c:	00e82223          	sw	a4,4(a6)
80001260:	0006a783          	lw	a5,0(a3)
80001264:	00080513          	mv	a0,a6
80001268:	00478793          	addi	a5,a5,4
8000126c:	00f6a023          	sw	a5,0(a3)
80001270:	00482783          	lw	a5,4(a6)
80001274:	01179023          	sh	a7,0(a5)
80001278:	00c79123          	sh	a2,2(a5)
8000127c:	00008067          	ret
80001280:	00000813          	li	a6,0
80001284:	00080513          	mv	a0,a6
80001288:	00008067          	ret

8000128c <core_list_remove>:
8000128c:	00050793          	mv	a5,a0
80001290:	00052503          	lw	a0,0(a0)
80001294:	0047a683          	lw	a3,4(a5)
80001298:	00452603          	lw	a2,4(a0)
8000129c:	00052703          	lw	a4,0(a0)
800012a0:	00c7a223          	sw	a2,4(a5)
800012a4:	00d52223          	sw	a3,4(a0)
800012a8:	00e7a023          	sw	a4,0(a5)
800012ac:	00052023          	sw	zero,0(a0)
800012b0:	00008067          	ret

800012b4 <core_list_undo_remove>:
800012b4:	0045a683          	lw	a3,4(a1)
800012b8:	00452703          	lw	a4,4(a0)
800012bc:	0005a783          	lw	a5,0(a1)
800012c0:	00d52223          	sw	a3,4(a0)
800012c4:	00e5a223          	sw	a4,4(a1)
800012c8:	00f52023          	sw	a5,0(a0)
800012cc:	00a5a023          	sw	a0,0(a1)
800012d0:	00008067          	ret

800012d4 <core_list_find>:
800012d4:	00259703          	lh	a4,2(a1)
800012d8:	02074263          	bltz	a4,800012fc <core_list_find+0x28>
800012dc:	00051863          	bnez	a0,800012ec <core_list_find+0x18>
800012e0:	00008067          	ret
800012e4:	00052503          	lw	a0,0(a0)
800012e8:	02050a63          	beqz	a0,8000131c <core_list_find+0x48>
800012ec:	00452783          	lw	a5,4(a0)
800012f0:	00279783          	lh	a5,2(a5)
800012f4:	fee798e3          	bne	a5,a4,800012e4 <core_list_find+0x10>
800012f8:	00008067          	ret
800012fc:	02050063          	beqz	a0,8000131c <core_list_find+0x48>
80001300:	00059703          	lh	a4,0(a1)
80001304:	00c0006f          	j	80001310 <core_list_find+0x3c>
80001308:	00052503          	lw	a0,0(a0)
8000130c:	00050863          	beqz	a0,8000131c <core_list_find+0x48>
80001310:	00452783          	lw	a5,4(a0)
80001314:	0007c783          	lbu	a5,0(a5)
80001318:	fee798e3          	bne	a5,a4,80001308 <core_list_find+0x34>
8000131c:	00008067          	ret

80001320 <core_list_reverse>:
80001320:	02050063          	beqz	a0,80001340 <core_list_reverse+0x20>
80001324:	00000713          	li	a4,0
80001328:	0080006f          	j	80001330 <core_list_reverse+0x10>
8000132c:	00078513          	mv	a0,a5
80001330:	00052783          	lw	a5,0(a0)
80001334:	00e52023          	sw	a4,0(a0)
80001338:	00050713          	mv	a4,a0
8000133c:	fe0798e3          	bnez	a5,8000132c <core_list_reverse+0xc>
80001340:	00008067          	ret

80001344 <core_list_mergesort>:
80001344:	fd010113          	addi	sp,sp,-48
80001348:	03212023          	sw	s2,32(sp)
8000134c:	01512a23          	sw	s5,20(sp)
80001350:	01612823          	sw	s6,16(sp)
80001354:	01712623          	sw	s7,12(sp)
80001358:	01a12023          	sw	s10,0(sp)
8000135c:	00100a93          	li	s5,1
80001360:	02112623          	sw	ra,44(sp)
80001364:	02812423          	sw	s0,40(sp)
80001368:	02912223          	sw	s1,36(sp)
8000136c:	01312e23          	sw	s3,28(sp)
80001370:	01412c23          	sw	s4,24(sp)
80001374:	01812423          	sw	s8,8(sp)
80001378:	01912223          	sw	s9,4(sp)
8000137c:	00050913          	mv	s2,a0
80001380:	00058b93          	mv	s7,a1
80001384:	00060b13          	mv	s6,a2
80001388:	000a8d13          	mv	s10,s5
8000138c:	0e090863          	beqz	s2,8000147c <core_list_mergesort+0x138>
80001390:	00000c93          	li	s9,0
80001394:	00000493          	li	s1,0
80001398:	00000c13          	li	s8,0
8000139c:	001c8c93          	addi	s9,s9,1
800013a0:	00090793          	mv	a5,s2
800013a4:	00000413          	li	s0,0
800013a8:	01545863          	bge	s0,s5,800013b8 <core_list_mergesort+0x74>
800013ac:	0007a783          	lw	a5,0(a5)
800013b0:	00140413          	addi	s0,s0,1
800013b4:	fe079ae3          	bnez	a5,800013a8 <core_list_mergesort+0x64>
800013b8:	00090993          	mv	s3,s2
800013bc:	000a8a13          	mv	s4,s5
800013c0:	00078913          	mv	s2,a5
800013c4:	02805463          	blez	s0,800013ec <core_list_mergesort+0xa8>
800013c8:	000a0463          	beqz	s4,800013d0 <core_list_mergesort+0x8c>
800013cc:	02091863          	bnez	s2,800013fc <core_list_mergesort+0xb8>
800013d0:	00048793          	mv	a5,s1
800013d4:	fff40413          	addi	s0,s0,-1
800013d8:	00098493          	mv	s1,s3
800013dc:	0009a983          	lw	s3,0(s3)
800013e0:	04078263          	beqz	a5,80001424 <core_list_mergesort+0xe0>
800013e4:	0097a023          	sw	s1,0(a5)
800013e8:	fe8040e3          	bgtz	s0,800013c8 <core_list_mergesort+0x84>
800013ec:	012037b3          	snez	a5,s2
800013f0:	07405a63          	blez	s4,80001464 <core_list_mergesort+0x120>
800013f4:	06078a63          	beqz	a5,80001468 <core_list_mergesort+0x124>
800013f8:	04040463          	beqz	s0,80001440 <core_list_mergesort+0xfc>
800013fc:	00492583          	lw	a1,4(s2)
80001400:	0049a503          	lw	a0,4(s3)
80001404:	000b0613          	mv	a2,s6
80001408:	000b80e7          	jalr	s7
8000140c:	06a05c63          	blez	a0,80001484 <core_list_mergesort+0x140>
80001410:	00048793          	mv	a5,s1
80001414:	fffa0a13          	addi	s4,s4,-1
80001418:	00090493          	mv	s1,s2
8000141c:	00092903          	lw	s2,0(s2)
80001420:	fc0792e3          	bnez	a5,800013e4 <core_list_mergesort+0xa0>
80001424:	00048c13          	mv	s8,s1
80001428:	f9dff06f          	j	800013c4 <core_list_mergesort+0x80>
8000142c:	00e4a023          	sw	a4,0(s1)
80001430:	012037b3          	snez	a5,s2
80001434:	00070493          	mv	s1,a4
80001438:	020a0463          	beqz	s4,80001460 <core_list_mergesort+0x11c>
8000143c:	02078263          	beqz	a5,80001460 <core_list_mergesort+0x11c>
80001440:	00090713          	mv	a4,s2
80001444:	fffa0a13          	addi	s4,s4,-1
80001448:	00092903          	lw	s2,0(s2)
8000144c:	fe0490e3          	bnez	s1,8000142c <core_list_mergesort+0xe8>
80001450:	00070c13          	mv	s8,a4
80001454:	012037b3          	snez	a5,s2
80001458:	00070493          	mv	s1,a4
8000145c:	fe0a10e3          	bnez	s4,8000143c <core_list_mergesort+0xf8>
80001460:	00070493          	mv	s1,a4
80001464:	f2079ce3          	bnez	a5,8000139c <core_list_mergesort+0x58>
80001468:	0004a023          	sw	zero,0(s1)
8000146c:	05ac8663          	beq	s9,s10,800014b8 <core_list_mergesort+0x174>
80001470:	000c0913          	mv	s2,s8
80001474:	001a9a93          	slli	s5,s5,0x1
80001478:	f0091ce3          	bnez	s2,80001390 <core_list_mergesort+0x4c>
8000147c:	00002023          	sw	zero,0(zero) # 0 <_tdata_begin>
80001480:	00100073          	ebreak
80001484:	0009a703          	lw	a4,0(s3)
80001488:	fff40413          	addi	s0,s0,-1
8000148c:	00048c63          	beqz	s1,800014a4 <core_list_mergesort+0x160>
80001490:	00048793          	mv	a5,s1
80001494:	00098493          	mv	s1,s3
80001498:	0097a023          	sw	s1,0(a5)
8000149c:	00070993          	mv	s3,a4
800014a0:	f49ff06f          	j	800013e8 <core_list_mergesort+0xa4>
800014a4:	00098c13          	mv	s8,s3
800014a8:	00098493          	mv	s1,s3
800014ac:	00070993          	mv	s3,a4
800014b0:	f48046e3          	bgtz	s0,800013fc <core_list_mergesort+0xb8>
800014b4:	f39ff06f          	j	800013ec <core_list_mergesort+0xa8>
800014b8:	02c12083          	lw	ra,44(sp)
800014bc:	02812403          	lw	s0,40(sp)
800014c0:	02412483          	lw	s1,36(sp)
800014c4:	02012903          	lw	s2,32(sp)
800014c8:	01c12983          	lw	s3,28(sp)
800014cc:	01812a03          	lw	s4,24(sp)
800014d0:	01412a83          	lw	s5,20(sp)
800014d4:	01012b03          	lw	s6,16(sp)
800014d8:	00c12b83          	lw	s7,12(sp)
800014dc:	00412c83          	lw	s9,4(sp)
800014e0:	00012d03          	lw	s10,0(sp)
800014e4:	000c0513          	mv	a0,s8
800014e8:	00812c03          	lw	s8,8(sp)
800014ec:	03010113          	addi	sp,sp,48
800014f0:	00008067          	ret

800014f4 <core_bench_list>:
800014f4:	00451603          	lh	a2,4(a0)
800014f8:	fd010113          	addi	sp,sp,-48
800014fc:	02812423          	sw	s0,40(sp)
80001500:	02112623          	sw	ra,44(sp)
80001504:	02912223          	sw	s1,36(sp)
80001508:	03212023          	sw	s2,32(sp)
8000150c:	01312e23          	sw	s3,28(sp)
80001510:	02452403          	lw	s0,36(a0)
80001514:	00000313          	li	t1,0
80001518:	2ac05063          	blez	a2,800017b8 <core_bench_list+0x2c4>
8000151c:	2a05c463          	bltz	a1,800017c4 <core_bench_list+0x2d0>
80001520:	2c040463          	beqz	s0,800017e8 <core_bench_list+0x2f4>
80001524:	00058693          	mv	a3,a1
80001528:	00000e13          	li	t3,0
8000152c:	00000f13          	li	t5,0
80001530:	00000e93          	li	t4,0
80001534:	00000893          	li	a7,0
80001538:	00040793          	mv	a5,s0
8000153c:	00c0006f          	j	80001548 <core_bench_list+0x54>
80001540:	0007a783          	lw	a5,0(a5)
80001544:	0e078463          	beqz	a5,8000162c <core_bench_list+0x138>
80001548:	0047a703          	lw	a4,4(a5)
8000154c:	00271803          	lh	a6,2(a4)
80001550:	fed818e3          	bne	a6,a3,80001540 <core_bench_list+0x4c>
80001554:	00000693          	li	a3,0
80001558:	0080006f          	j	80001560 <core_bench_list+0x6c>
8000155c:	00070413          	mv	s0,a4
80001560:	00042703          	lw	a4,0(s0)
80001564:	00d42023          	sw	a3,0(s0)
80001568:	00040693          	mv	a3,s0
8000156c:	fe0718e3          	bnez	a4,8000155c <core_bench_list+0x68>
80001570:	0c078263          	beqz	a5,80001634 <core_bench_list+0x140>
80001574:	0047a703          	lw	a4,4(a5)
80001578:	001e8e93          	addi	t4,t4,1
8000157c:	00071703          	lh	a4,0(a4)
80001580:	00177693          	andi	a3,a4,1
80001584:	00068863          	beqz	a3,80001594 <core_bench_list+0xa0>
80001588:	40975713          	srai	a4,a4,0x9
8000158c:	00177713          	andi	a4,a4,1
80001590:	00e888b3          	add	a7,a7,a4
80001594:	0007a703          	lw	a4,0(a5)
80001598:	00070c63          	beqz	a4,800015b0 <core_bench_list+0xbc>
8000159c:	00072683          	lw	a3,0(a4)
800015a0:	00d7a023          	sw	a3,0(a5)
800015a4:	00042783          	lw	a5,0(s0)
800015a8:	00f72023          	sw	a5,0(a4)
800015ac:	00e42023          	sw	a4,0(s0)
800015b0:	04084063          	bltz	a6,800015f0 <core_bench_list+0xfc>
800015b4:	001e0793          	addi	a5,t3,1
800015b8:	01079e13          	slli	t3,a5,0x10
800015bc:	00180693          	addi	a3,a6,1
800015c0:	01069693          	slli	a3,a3,0x10
800015c4:	01079793          	slli	a5,a5,0x10
800015c8:	410e5e13          	srai	t3,t3,0x10
800015cc:	4106d693          	srai	a3,a3,0x10
800015d0:	0107d793          	srli	a5,a5,0x10
800015d4:	09c60463          	beq	a2,t3,8000165c <core_bench_list+0x168>
800015d8:	0ff7f313          	zext.b	t1,a5
800015dc:	f406dee3          	bgez	a3,80001538 <core_bench_list+0x44>
800015e0:	00030693          	mv	a3,t1
800015e4:	00040793          	mv	a5,s0
800015e8:	ffff8837          	lui	a6,0xffff8
800015ec:	0300006f          	j	8000161c <core_bench_list+0x128>
800015f0:	001e0693          	addi	a3,t3,1
800015f4:	01069e13          	slli	t3,a3,0x10
800015f8:	410e5e13          	srai	t3,t3,0x10
800015fc:	01069693          	slli	a3,a3,0x10
80001600:	0106d693          	srli	a3,a3,0x10
80001604:	05c60a63          	beq	a2,t3,80001658 <core_bench_list+0x164>
80001608:	0ff6f693          	zext.b	a3,a3
8000160c:	00040793          	mv	a5,s0
80001610:	00c0006f          	j	8000161c <core_bench_list+0x128>
80001614:	0007a783          	lw	a5,0(a5)
80001618:	02078c63          	beqz	a5,80001650 <core_bench_list+0x15c>
8000161c:	0047a703          	lw	a4,4(a5)
80001620:	00074303          	lbu	t1,0(a4)
80001624:	fed318e3          	bne	t1,a3,80001614 <core_bench_list+0x120>
80001628:	f2dff06f          	j	80001554 <core_bench_list+0x60>
8000162c:	00068813          	mv	a6,a3
80001630:	f25ff06f          	j	80001554 <core_bench_list+0x60>
80001634:	00042783          	lw	a5,0(s0)
80001638:	001f0f13          	addi	t5,t5,1
8000163c:	0047a783          	lw	a5,4(a5)
80001640:	00178783          	lb	a5,1(a5)
80001644:	0017f793          	andi	a5,a5,1
80001648:	00f888b3          	add	a7,a7,a5
8000164c:	f65ff06f          	j	800015b0 <core_bench_list+0xbc>
80001650:	00068313          	mv	t1,a3
80001654:	f01ff06f          	j	80001554 <core_bench_list+0x60>
80001658:	00080693          	mv	a3,a6
8000165c:	002e9793          	slli	a5,t4,0x2
80001660:	41e787b3          	sub	a5,a5,t5
80001664:	00f888b3          	add	a7,a7,a5
80001668:	01089493          	slli	s1,a7,0x10
8000166c:	0104d493          	srli	s1,s1,0x10
80001670:	02b05663          	blez	a1,8000169c <core_bench_list+0x1a8>
80001674:	800015b7          	lui	a1,0x80001
80001678:	00050613          	mv	a2,a0
8000167c:	1d058593          	addi	a1,a1,464 # 800011d0 <cmp_complex>
80001680:	00040513          	mv	a0,s0
80001684:	00612623          	sw	t1,12(sp)
80001688:	00d12423          	sw	a3,8(sp)
8000168c:	cb9ff0ef          	jal	80001344 <core_list_mergesort>
80001690:	00c12303          	lw	t1,12(sp)
80001694:	00812683          	lw	a3,8(sp)
80001698:	00050413          	mv	s0,a0
8000169c:	00042783          	lw	a5,0(s0)
800016a0:	00040913          	mv	s2,s0
800016a4:	0007a983          	lw	s3,0(a5)
800016a8:	0047a703          	lw	a4,4(a5)
800016ac:	0049a583          	lw	a1,4(s3)
800016b0:	0009a603          	lw	a2,0(s3)
800016b4:	00b7a223          	sw	a1,4(a5)
800016b8:	00e9a223          	sw	a4,4(s3)
800016bc:	00c7a023          	sw	a2,0(a5)
800016c0:	0009a023          	sw	zero,0(s3)
800016c4:	0006d863          	bgez	a3,800016d4 <core_bench_list+0x1e0>
800016c8:	0b80006f          	j	80001780 <core_bench_list+0x28c>
800016cc:	00092903          	lw	s2,0(s2)
800016d0:	0c090063          	beqz	s2,80001790 <core_bench_list+0x29c>
800016d4:	00492783          	lw	a5,4(s2)
800016d8:	00279783          	lh	a5,2(a5)
800016dc:	fed798e3          	bne	a5,a3,800016cc <core_bench_list+0x1d8>
800016e0:	00442783          	lw	a5,4(s0)
800016e4:	00048593          	mv	a1,s1
800016e8:	00079503          	lh	a0,0(a5)
800016ec:	341010ef          	jal	8000322c <crc16>
800016f0:	00092903          	lw	s2,0(s2)
800016f4:	00050493          	mv	s1,a0
800016f8:	fe0914e3          	bnez	s2,800016e0 <core_bench_list+0x1ec>
800016fc:	00042903          	lw	s2,0(s0)
80001700:	0049a703          	lw	a4,4(s3)
80001704:	00492683          	lw	a3,4(s2)
80001708:	00092783          	lw	a5,0(s2)
8000170c:	800015b7          	lui	a1,0x80001
80001710:	00d9a223          	sw	a3,4(s3)
80001714:	00e92223          	sw	a4,4(s2)
80001718:	00f9a023          	sw	a5,0(s3)
8000171c:	00040513          	mv	a0,s0
80001720:	01392023          	sw	s3,0(s2)
80001724:	04858593          	addi	a1,a1,72 # 80001048 <cmp_idx>
80001728:	00000613          	li	a2,0
8000172c:	c19ff0ef          	jal	80001344 <core_list_mergesort>
80001730:	00052403          	lw	s0,0(a0)
80001734:	00050913          	mv	s2,a0
80001738:	02040063          	beqz	s0,80001758 <core_bench_list+0x264>
8000173c:	00492783          	lw	a5,4(s2)
80001740:	00048593          	mv	a1,s1
80001744:	00079503          	lh	a0,0(a5)
80001748:	2e5010ef          	jal	8000322c <crc16>
8000174c:	00042403          	lw	s0,0(s0)
80001750:	00050493          	mv	s1,a0
80001754:	fe0414e3          	bnez	s0,8000173c <core_bench_list+0x248>
80001758:	02c12083          	lw	ra,44(sp)
8000175c:	02812403          	lw	s0,40(sp)
80001760:	02012903          	lw	s2,32(sp)
80001764:	01c12983          	lw	s3,28(sp)
80001768:	00048513          	mv	a0,s1
8000176c:	02412483          	lw	s1,36(sp)
80001770:	03010113          	addi	sp,sp,48
80001774:	00008067          	ret
80001778:	00092903          	lw	s2,0(s2)
8000177c:	00090a63          	beqz	s2,80001790 <core_bench_list+0x29c>
80001780:	00492783          	lw	a5,4(s2)
80001784:	0007c783          	lbu	a5,0(a5)
80001788:	fef318e3          	bne	t1,a5,80001778 <core_bench_list+0x284>
8000178c:	f55ff06f          	j	800016e0 <core_bench_list+0x1ec>
80001790:	00042903          	lw	s2,0(s0)
80001794:	f60908e3          	beqz	s2,80001704 <core_bench_list+0x210>
80001798:	00442783          	lw	a5,4(s0)
8000179c:	00048593          	mv	a1,s1
800017a0:	00079503          	lh	a0,0(a5)
800017a4:	289010ef          	jal	8000322c <crc16>
800017a8:	00092903          	lw	s2,0(s2)
800017ac:	00050493          	mv	s1,a0
800017b0:	f20918e3          	bnez	s2,800016e0 <core_bench_list+0x1ec>
800017b4:	f49ff06f          	j	800016fc <core_bench_list+0x208>
800017b8:	00058693          	mv	a3,a1
800017bc:	00000493          	li	s1,0
800017c0:	eb1ff06f          	j	80001670 <core_bench_list+0x17c>
800017c4:	02040263          	beqz	s0,800017e8 <core_bench_list+0x2f4>
800017c8:	00058813          	mv	a6,a1
800017cc:	00040793          	mv	a5,s0
800017d0:	00000893          	li	a7,0
800017d4:	00000693          	li	a3,0
800017d8:	00000f13          	li	t5,0
800017dc:	00000e13          	li	t3,0
800017e0:	00000e93          	li	t4,0
800017e4:	e39ff06f          	j	8000161c <core_bench_list+0x128>
800017e8:	00002783          	lw	a5,0(zero) # 0 <_tdata_begin>
800017ec:	00100073          	ebreak

800017f0 <core_list_init>:
800017f0:	fe010113          	addi	sp,sp,-32
800017f4:	00812c23          	sw	s0,24(sp)
800017f8:	00058413          	mv	s0,a1
800017fc:	01400593          	li	a1,20
80001800:	00912a23          	sw	s1,20(sp)
80001804:	00112e23          	sw	ra,28(sp)
80001808:	00060493          	mv	s1,a2
8000180c:	388030ef          	jal	80004b94 <__hidden___udivsi3>
80001810:	ffe50513          	addi	a0,a0,-2
80001814:	00351313          	slli	t1,a0,0x3
80001818:	00640333          	add	t1,s0,t1
8000181c:	ffff87b7          	lui	a5,0xffff8
80001820:	00042023          	sw	zero,0(s0)
80001824:	00642223          	sw	t1,4(s0)
80001828:	08078793          	addi	a5,a5,128 # ffff8080 <_end+0x7fff1940>
8000182c:	00251e13          	slli	t3,a0,0x2
80001830:	00f31023          	sh	a5,0(t1)
80001834:	00031123          	sh	zero,2(t1)
80001838:	01040693          	addi	a3,s0,16
8000183c:	01c30e33          	add	t3,t1,t3
80001840:	00430613          	addi	a2,t1,4
80001844:	00840713          	addi	a4,s0,8
80001848:	1266f263          	bgeu	a3,t1,8000196c <core_list_init+0x17c>
8000184c:	00830593          	addi	a1,t1,8
80001850:	11c5fe63          	bgeu	a1,t3,8000196c <core_list_init+0x17c>
80001854:	ffff87b7          	lui	a5,0xffff8
80001858:	00e42023          	sw	a4,0(s0)
8000185c:	00042423          	sw	zero,8(s0)
80001860:	00c42623          	sw	a2,12(s0)
80001864:	fff7c793          	not	a5,a5
80001868:	fff00713          	li	a4,-1
8000186c:	00f31323          	sh	a5,6(t1)
80001870:	00e31223          	sh	a4,4(t1)
80001874:	ffff8eb7          	lui	t4,0xffff8
80001878:	fffece93          	not	t4,t4
8000187c:	00000713          	li	a4,0
80001880:	04050c63          	beqz	a0,800018d8 <core_list_init+0xe8>
80001884:	009747b3          	xor	a5,a4,s1
80001888:	00379793          	slli	a5,a5,0x3
8000188c:	00777613          	andi	a2,a4,7
80001890:	0787f793          	andi	a5,a5,120
80001894:	00c7e7b3          	or	a5,a5,a2
80001898:	00879613          	slli	a2,a5,0x8
8000189c:	00868813          	addi	a6,a3,8
800018a0:	00170713          	addi	a4,a4,1
800018a4:	00458893          	addi	a7,a1,4
800018a8:	00c787b3          	add	a5,a5,a2
800018ac:	02687463          	bgeu	a6,t1,800018d4 <core_list_init+0xe4>
800018b0:	03c8f263          	bgeu	a7,t3,800018d4 <core_list_init+0xe4>
800018b4:	00042603          	lw	a2,0(s0)
800018b8:	00c6a023          	sw	a2,0(a3)
800018bc:	00d42023          	sw	a3,0(s0)
800018c0:	00b6a223          	sw	a1,4(a3)
800018c4:	00f59023          	sh	a5,0(a1)
800018c8:	01d59123          	sh	t4,2(a1)
800018cc:	00080693          	mv	a3,a6
800018d0:	00088593          	mv	a1,a7
800018d4:	fae518e3          	bne	a0,a4,80001884 <core_list_init+0x94>
800018d8:	00042883          	lw	a7,0(s0)
800018dc:	0008a683          	lw	a3,0(a7)
800018e0:	06068463          	beqz	a3,80001948 <core_list_init+0x158>
800018e4:	00500593          	li	a1,5
800018e8:	01112623          	sw	a7,12(sp)
800018ec:	00d12423          	sw	a3,8(sp)
800018f0:	2a4030ef          	jal	80004b94 <__hidden___udivsi3>
800018f4:	00004337          	lui	t1,0x4
800018f8:	00812683          	lw	a3,8(sp)
800018fc:	00c12883          	lw	a7,12(sp)
80001900:	fff30313          	addi	t1,t1,-1 # 3fff <_tbss_end+0x3fbb>
80001904:	20000593          	li	a1,512
80001908:	00100713          	li	a4,1
8000190c:	0080006f          	j	80001914 <core_list_init+0x124>
80001910:	00080693          	mv	a3,a6
80001914:	00e4c633          	xor	a2,s1,a4
80001918:	7005f793          	andi	a5,a1,1792
8000191c:	00c7e7b3          	or	a5,a5,a2
80001920:	0067f7b3          	and	a5,a5,t1
80001924:	0048a603          	lw	a2,4(a7)
80001928:	00a77463          	bgeu	a4,a0,80001930 <core_list_init+0x140>
8000192c:	00070793          	mv	a5,a4
80001930:	0006a803          	lw	a6,0(a3)
80001934:	00f61123          	sh	a5,2(a2)
80001938:	00170713          	addi	a4,a4,1
8000193c:	10058593          	addi	a1,a1,256
80001940:	00068893          	mv	a7,a3
80001944:	fc0816e3          	bnez	a6,80001910 <core_list_init+0x120>
80001948:	00040513          	mv	a0,s0
8000194c:	01812403          	lw	s0,24(sp)
80001950:	01c12083          	lw	ra,28(sp)
80001954:	01412483          	lw	s1,20(sp)
80001958:	800015b7          	lui	a1,0x80001
8000195c:	04858593          	addi	a1,a1,72 # 80001048 <cmp_idx>
80001960:	00000613          	li	a2,0
80001964:	02010113          	addi	sp,sp,32
80001968:	9ddff06f          	j	80001344 <core_list_mergesort>
8000196c:	00060593          	mv	a1,a2
80001970:	00070693          	mv	a3,a4
80001974:	f01ff06f          	j	80001874 <core_list_init+0x84>

80001978 <iterate>:
80001978:	ff010113          	addi	sp,sp,-16
8000197c:	01212023          	sw	s2,0(sp)
80001980:	01c52903          	lw	s2,28(a0)
80001984:	00112623          	sw	ra,12(sp)
80001988:	02052c23          	sw	zero,56(a0)
8000198c:	02052e23          	sw	zero,60(a0)
80001990:	04090e63          	beqz	s2,800019ec <iterate+0x74>
80001994:	00812423          	sw	s0,8(sp)
80001998:	00912223          	sw	s1,4(sp)
8000199c:	00050413          	mv	s0,a0
800019a0:	00000493          	li	s1,0
800019a4:	00100593          	li	a1,1
800019a8:	00040513          	mv	a0,s0
800019ac:	b49ff0ef          	jal	800014f4 <core_bench_list>
800019b0:	03845583          	lhu	a1,56(s0)
800019b4:	230010ef          	jal	80002be4 <crcu16>
800019b8:	02a41c23          	sh	a0,56(s0)
800019bc:	fff00593          	li	a1,-1
800019c0:	00040513          	mv	a0,s0
800019c4:	b31ff0ef          	jal	800014f4 <core_bench_list>
800019c8:	03845583          	lhu	a1,56(s0)
800019cc:	218010ef          	jal	80002be4 <crcu16>
800019d0:	02a41c23          	sh	a0,56(s0)
800019d4:	00049463          	bnez	s1,800019dc <iterate+0x64>
800019d8:	02a41d23          	sh	a0,58(s0)
800019dc:	00148493          	addi	s1,s1,1
800019e0:	fc9912e3          	bne	s2,s1,800019a4 <iterate+0x2c>
800019e4:	00812403          	lw	s0,8(sp)
800019e8:	00412483          	lw	s1,4(sp)
800019ec:	00c12083          	lw	ra,12(sp)
800019f0:	00012903          	lw	s2,0(sp)
800019f4:	00000513          	li	a0,0
800019f8:	01010113          	addi	sp,sp,16
800019fc:	00008067          	ret

80001a00 <core_init_matrix>:
80001a00:	fb010113          	addi	sp,sp,-80
80001a04:	04912223          	sw	s1,68(sp)
80001a08:	03612823          	sw	s6,48(sp)
80001a0c:	03912223          	sw	s9,36(sp)
80001a10:	04112623          	sw	ra,76(sp)
80001a14:	04812423          	sw	s0,72(sp)
80001a18:	05212023          	sw	s2,64(sp)
80001a1c:	03712623          	sw	s7,44(sp)
80001a20:	00050493          	mv	s1,a0
80001a24:	00068c93          	mv	s9,a3
80001a28:	00060b13          	mv	s6,a2
80001a2c:	00061463          	bnez	a2,80001a34 <core_init_matrix+0x34>
80001a30:	00100b13          	li	s6,1
80001a34:	fff58b93          	addi	s7,a1,-1
80001a38:	ffcbfb93          	andi	s7,s7,-4
80001a3c:	004b8793          	addi	a5,s7,4
80001a40:	00f12223          	sw	a5,4(sp)
80001a44:	00000413          	li	s0,0
80001a48:	14048663          	beqz	s1,80001b94 <core_init_matrix+0x194>
80001a4c:	00040913          	mv	s2,s0
80001a50:	00140413          	addi	s0,s0,1
80001a54:	00040593          	mv	a1,s0
80001a58:	00040513          	mv	a0,s0
80001a5c:	10c030ef          	jal	80004b68 <__mulsi3>
80001a60:	00351513          	slli	a0,a0,0x3
80001a64:	fe9564e3          	bltu	a0,s1,80001a4c <core_init_matrix+0x4c>
80001a68:	00090593          	mv	a1,s2
80001a6c:	00090513          	mv	a0,s2
80001a70:	0f8030ef          	jal	80004b68 <__mulsi3>
80001a74:	00151793          	slli	a5,a0,0x1
80001a78:	00f12423          	sw	a5,8(sp)
80001a7c:	00812703          	lw	a4,8(sp)
80001a80:	00412783          	lw	a5,4(sp)
80001a84:	00e78bb3          	add	s7,a5,a4
80001a88:	14090063          	beqz	s2,80001bc8 <core_init_matrix+0x1c8>
80001a8c:	03312e23          	sw	s3,60(sp)
80001a90:	03412c23          	sw	s4,56(sp)
80001a94:	03512a23          	sw	s5,52(sp)
80001a98:	03812423          	sw	s8,40(sp)
80001a9c:	03a12023          	sw	s10,32(sp)
80001aa0:	01b12e23          	sw	s11,28(sp)
80001aa4:	01212623          	sw	s2,12(sp)
80001aa8:	00412783          	lw	a5,4(sp)
80001aac:	00190413          	addi	s0,s2,1
80001ab0:	00191c13          	slli	s8,s2,0x1
80001ab4:	000b8a13          	mv	s4,s7
80001ab8:	00000993          	li	s3,0
80001abc:	00100d93          	li	s11,1
80001ac0:	417784b3          	sub	s1,a5,s7
80001ac4:	000d8a93          	mv	s5,s11
80001ac8:	000a0d13          	mv	s10,s4
80001acc:	000b0513          	mv	a0,s6
80001ad0:	000d8593          	mv	a1,s11
80001ad4:	094030ef          	jal	80004b68 <__mulsi3>
80001ad8:	41f55793          	srai	a5,a0,0x1f
80001adc:	0107d793          	srli	a5,a5,0x10
80001ae0:	00f50633          	add	a2,a0,a5
80001ae4:	01061613          	slli	a2,a2,0x10
80001ae8:	01065613          	srli	a2,a2,0x10
80001aec:	40f60b33          	sub	s6,a2,a5
80001af0:	016d86b3          	add	a3,s11,s6
80001af4:	01b687b3          	add	a5,a3,s11
80001af8:	01a48533          	add	a0,s1,s10
80001afc:	00dd1023          	sh	a3,0(s10)
80001b00:	0ff7f793          	zext.b	a5,a5
80001b04:	001d8d93          	addi	s11,s11,1
80001b08:	00f51023          	sh	a5,0(a0)
80001b0c:	002d0d13          	addi	s10,s10,2
80001b10:	fa8d9ee3          	bne	s11,s0,80001acc <core_init_matrix+0xcc>
80001b14:	00198993          	addi	s3,s3,1
80001b18:	01590db3          	add	s11,s2,s5
80001b1c:	01240433          	add	s0,s0,s2
80001b20:	018a0a33          	add	s4,s4,s8
80001b24:	fb2990e3          	bne	s3,s2,80001ac4 <core_init_matrix+0xc4>
80001b28:	03c12983          	lw	s3,60(sp)
80001b2c:	03812a03          	lw	s4,56(sp)
80001b30:	03412a83          	lw	s5,52(sp)
80001b34:	02812c03          	lw	s8,40(sp)
80001b38:	02012d03          	lw	s10,32(sp)
80001b3c:	01c12d83          	lw	s11,28(sp)
80001b40:	00812783          	lw	a5,8(sp)
80001b44:	04c12083          	lw	ra,76(sp)
80001b48:	04812403          	lw	s0,72(sp)
80001b4c:	00fb87b3          	add	a5,s7,a5
80001b50:	fff78793          	addi	a5,a5,-1 # ffff7fff <_end+0x7fff18bf>
80001b54:	ffc7f793          	andi	a5,a5,-4
80001b58:	00478793          	addi	a5,a5,4
80001b5c:	00fca623          	sw	a5,12(s9)
80001b60:	00412783          	lw	a5,4(sp)
80001b64:	017ca423          	sw	s7,8(s9)
80001b68:	04412483          	lw	s1,68(sp)
80001b6c:	00fca223          	sw	a5,4(s9)
80001b70:	00c12783          	lw	a5,12(sp)
80001b74:	03012b03          	lw	s6,48(sp)
80001b78:	02c12b83          	lw	s7,44(sp)
80001b7c:	00fca023          	sw	a5,0(s9)
80001b80:	00090513          	mv	a0,s2
80001b84:	02412c83          	lw	s9,36(sp)
80001b88:	04012903          	lw	s2,64(sp)
80001b8c:	05010113          	addi	sp,sp,80
80001b90:	00008067          	ret
80001b94:	fff00793          	li	a5,-1
80001b98:	00f12623          	sw	a5,12(sp)
80001b9c:	00078913          	mv	s2,a5
80001ba0:	00200793          	li	a5,2
80001ba4:	03312e23          	sw	s3,60(sp)
80001ba8:	03412c23          	sw	s4,56(sp)
80001bac:	03512a23          	sw	s5,52(sp)
80001bb0:	03812423          	sw	s8,40(sp)
80001bb4:	03a12023          	sw	s10,32(sp)
80001bb8:	01b12e23          	sw	s11,28(sp)
80001bbc:	006b8b93          	addi	s7,s7,6
80001bc0:	00f12423          	sw	a5,8(sp)
80001bc4:	ee5ff06f          	j	80001aa8 <core_init_matrix+0xa8>
80001bc8:	00012423          	sw	zero,8(sp)
80001bcc:	00012623          	sw	zero,12(sp)
80001bd0:	f71ff06f          	j	80001b40 <core_init_matrix+0x140>

80001bd4 <matrix_sum>:
80001bd4:	00050e93          	mv	t4,a0
80001bd8:	06050a63          	beqz	a0,80001c4c <matrix_sum+0x78>
80001bdc:	00251e13          	slli	t3,a0,0x2
80001be0:	01c588b3          	add	a7,a1,t3
80001be4:	00000313          	li	t1,0
80001be8:	00000513          	li	a0,0
80001bec:	00000713          	li	a4,0
80001bf0:	00000693          	li	a3,0
80001bf4:	41c887b3          	sub	a5,a7,t3
80001bf8:	0180006f          	j	80001c10 <matrix_sum+0x3c>
80001bfc:	00b50833          	add	a6,a0,a1
80001c00:	01081513          	slli	a0,a6,0x10
80001c04:	00478793          	addi	a5,a5,4
80001c08:	41055513          	srai	a0,a0,0x10
80001c0c:	02f88863          	beq	a7,a5,80001c3c <matrix_sum+0x68>
80001c10:	00070593          	mv	a1,a4
80001c14:	0007a703          	lw	a4,0(a5)
80001c18:	00a50813          	addi	a6,a0,10
80001c1c:	00e686b3          	add	a3,a3,a4
80001c20:	00e5a5b3          	slt	a1,a1,a4
80001c24:	fcd65ce3          	bge	a2,a3,80001bfc <matrix_sum+0x28>
80001c28:	01081513          	slli	a0,a6,0x10
80001c2c:	00478793          	addi	a5,a5,4
80001c30:	00000693          	li	a3,0
80001c34:	41055513          	srai	a0,a0,0x10
80001c38:	fcf89ce3          	bne	a7,a5,80001c10 <matrix_sum+0x3c>
80001c3c:	00130313          	addi	t1,t1,1
80001c40:	01c888b3          	add	a7,a7,t3
80001c44:	fa6e98e3          	bne	t4,t1,80001bf4 <matrix_sum+0x20>
80001c48:	00008067          	ret
80001c4c:	00000513          	li	a0,0
80001c50:	00008067          	ret

80001c54 <matrix_mul_const>:
80001c54:	0a050a63          	beqz	a0,80001d08 <matrix_mul_const+0xb4>
80001c58:	fd010113          	addi	sp,sp,-48
80001c5c:	01812423          	sw	s8,8(sp)
80001c60:	00151c13          	slli	s8,a0,0x1
80001c64:	03212023          	sw	s2,32(sp)
80001c68:	01312e23          	sw	s3,28(sp)
80001c6c:	01412c23          	sw	s4,24(sp)
80001c70:	01512a23          	sw	s5,20(sp)
80001c74:	01612823          	sw	s6,16(sp)
80001c78:	01712623          	sw	s7,12(sp)
80001c7c:	02112623          	sw	ra,44(sp)
80001c80:	02812423          	sw	s0,40(sp)
80001c84:	02912223          	sw	s1,36(sp)
80001c88:	00068993          	mv	s3,a3
80001c8c:	00058b93          	mv	s7,a1
80001c90:	00050b13          	mv	s6,a0
80001c94:	01860933          	add	s2,a2,s8
80001c98:	00000a93          	li	s5,0
80001c9c:	00000a13          	li	s4,0
80001ca0:	002a9493          	slli	s1,s5,0x2
80001ca4:	009b84b3          	add	s1,s7,s1
80001ca8:	41890433          	sub	s0,s2,s8
80001cac:	00041503          	lh	a0,0(s0)
80001cb0:	00098593          	mv	a1,s3
80001cb4:	00240413          	addi	s0,s0,2
80001cb8:	6b1020ef          	jal	80004b68 <__mulsi3>
80001cbc:	00a4a023          	sw	a0,0(s1)
80001cc0:	00448493          	addi	s1,s1,4
80001cc4:	fe8914e3          	bne	s2,s0,80001cac <matrix_mul_const+0x58>
80001cc8:	001a0a13          	addi	s4,s4,1
80001ccc:	016a8ab3          	add	s5,s5,s6
80001cd0:	01890933          	add	s2,s2,s8
80001cd4:	fd4b16e3          	bne	s6,s4,80001ca0 <matrix_mul_const+0x4c>
80001cd8:	02c12083          	lw	ra,44(sp)
80001cdc:	02812403          	lw	s0,40(sp)
80001ce0:	02412483          	lw	s1,36(sp)
80001ce4:	02012903          	lw	s2,32(sp)
80001ce8:	01c12983          	lw	s3,28(sp)
80001cec:	01812a03          	lw	s4,24(sp)
80001cf0:	01412a83          	lw	s5,20(sp)
80001cf4:	01012b03          	lw	s6,16(sp)
80001cf8:	00c12b83          	lw	s7,12(sp)
80001cfc:	00812c03          	lw	s8,8(sp)
80001d00:	03010113          	addi	sp,sp,48
80001d04:	00008067          	ret
80001d08:	00008067          	ret

80001d0c <matrix_add_const>:
80001d0c:	02050a63          	beqz	a0,80001d40 <matrix_add_const+0x34>
80001d10:	00151813          	slli	a6,a0,0x1
80001d14:	010586b3          	add	a3,a1,a6
80001d18:	00000593          	li	a1,0
80001d1c:	410687b3          	sub	a5,a3,a6
80001d20:	0007d703          	lhu	a4,0(a5)
80001d24:	00278793          	addi	a5,a5,2
80001d28:	00e60733          	add	a4,a2,a4
80001d2c:	fee79f23          	sh	a4,-2(a5)
80001d30:	fef698e3          	bne	a3,a5,80001d20 <matrix_add_const+0x14>
80001d34:	00158593          	addi	a1,a1,1
80001d38:	010686b3          	add	a3,a3,a6
80001d3c:	feb510e3          	bne	a0,a1,80001d1c <matrix_add_const+0x10>
80001d40:	00008067          	ret

80001d44 <matrix_mul_vect>:
80001d44:	0c050463          	beqz	a0,80001e0c <matrix_mul_vect+0xc8>
80001d48:	fd010113          	addi	sp,sp,-48
80001d4c:	01312e23          	sw	s3,28(sp)
80001d50:	01812423          	sw	s8,8(sp)
80001d54:	00151993          	slli	s3,a0,0x1
80001d58:	00251c13          	slli	s8,a0,0x2
80001d5c:	01412c23          	sw	s4,24(sp)
80001d60:	01512a23          	sw	s5,20(sp)
80001d64:	01612823          	sw	s6,16(sp)
80001d68:	01712623          	sw	s7,12(sp)
80001d6c:	01912223          	sw	s9,4(sp)
80001d70:	02112623          	sw	ra,44(sp)
80001d74:	02812423          	sw	s0,40(sp)
80001d78:	02912223          	sw	s1,36(sp)
80001d7c:	03212023          	sw	s2,32(sp)
80001d80:	00068b13          	mv	s6,a3
80001d84:	00060b93          	mv	s7,a2
80001d88:	00050a93          	mv	s5,a0
80001d8c:	00058a13          	mv	s4,a1
80001d90:	01858c33          	add	s8,a1,s8
80001d94:	013689b3          	add	s3,a3,s3
80001d98:	00000c93          	li	s9,0
80001d9c:	001c9493          	slli	s1,s9,0x1
80001da0:	009b84b3          	add	s1,s7,s1
80001da4:	000b0413          	mv	s0,s6
80001da8:	00000913          	li	s2,0
80001dac:	00041583          	lh	a1,0(s0)
80001db0:	00049503          	lh	a0,0(s1)
80001db4:	00240413          	addi	s0,s0,2
80001db8:	00248493          	addi	s1,s1,2
80001dbc:	5ad020ef          	jal	80004b68 <__mulsi3>
80001dc0:	00a90933          	add	s2,s2,a0
80001dc4:	fe8994e3          	bne	s3,s0,80001dac <matrix_mul_vect+0x68>
80001dc8:	012a2023          	sw	s2,0(s4)
80001dcc:	004a0a13          	addi	s4,s4,4
80001dd0:	015c8cb3          	add	s9,s9,s5
80001dd4:	fd4c14e3          	bne	s8,s4,80001d9c <matrix_mul_vect+0x58>
80001dd8:	02c12083          	lw	ra,44(sp)
80001ddc:	02812403          	lw	s0,40(sp)
80001de0:	02412483          	lw	s1,36(sp)
80001de4:	02012903          	lw	s2,32(sp)
80001de8:	01c12983          	lw	s3,28(sp)
80001dec:	01812a03          	lw	s4,24(sp)
80001df0:	01412a83          	lw	s5,20(sp)
80001df4:	01012b03          	lw	s6,16(sp)
80001df8:	00c12b83          	lw	s7,12(sp)
80001dfc:	00812c03          	lw	s8,8(sp)
80001e00:	00412c83          	lw	s9,4(sp)
80001e04:	03010113          	addi	sp,sp,48
80001e08:	00008067          	ret
80001e0c:	00008067          	ret

80001e10 <matrix_mul_matrix>:
80001e10:	10050463          	beqz	a0,80001f18 <matrix_mul_matrix+0x108>
80001e14:	fb010113          	addi	sp,sp,-80
80001e18:	04912223          	sw	s1,68(sp)
80001e1c:	00151493          	slli	s1,a0,0x1
80001e20:	05212023          	sw	s2,64(sp)
80001e24:	03612823          	sw	s6,48(sp)
80001e28:	03712623          	sw	s7,44(sp)
80001e2c:	03812423          	sw	s8,40(sp)
80001e30:	03912223          	sw	s9,36(sp)
80001e34:	04112623          	sw	ra,76(sp)
80001e38:	04812423          	sw	s0,72(sp)
80001e3c:	03312e23          	sw	s3,60(sp)
80001e40:	03412c23          	sw	s4,56(sp)
80001e44:	03512a23          	sw	s5,52(sp)
80001e48:	03a12023          	sw	s10,32(sp)
80001e4c:	01b12e23          	sw	s11,28(sp)
80001e50:	00d12623          	sw	a3,12(sp)
80001e54:	00b12423          	sw	a1,8(sp)
80001e58:	00050b93          	mv	s7,a0
80001e5c:	00060b13          	mv	s6,a2
80001e60:	00960933          	add	s2,a2,s1
80001e64:	00000c13          	li	s8,0
80001e68:	00000c93          	li	s9,0
80001e6c:	00812783          	lw	a5,8(sp)
80001e70:	00c12a03          	lw	s4,12(sp)
80001e74:	002c1993          	slli	s3,s8,0x2
80001e78:	013789b3          	add	s3,a5,s3
80001e7c:	00000a93          	li	s5,0
80001e80:	000a0d93          	mv	s11,s4
80001e84:	000b0413          	mv	s0,s6
80001e88:	00000d13          	li	s10,0
80001e8c:	000d9583          	lh	a1,0(s11)
80001e90:	00041503          	lh	a0,0(s0)
80001e94:	00240413          	addi	s0,s0,2
80001e98:	009d8db3          	add	s11,s11,s1
80001e9c:	4cd020ef          	jal	80004b68 <__mulsi3>
80001ea0:	00ad0d33          	add	s10,s10,a0
80001ea4:	fe8914e3          	bne	s2,s0,80001e8c <matrix_mul_matrix+0x7c>
80001ea8:	01a9a023          	sw	s10,0(s3)
80001eac:	001a8793          	addi	a5,s5,1
80001eb0:	00498993          	addi	s3,s3,4
80001eb4:	002a0a13          	addi	s4,s4,2
80001eb8:	00fb8663          	beq	s7,a5,80001ec4 <matrix_mul_matrix+0xb4>
80001ebc:	00078a93          	mv	s5,a5
80001ec0:	fc1ff06f          	j	80001e80 <matrix_mul_matrix+0x70>
80001ec4:	009b0b33          	add	s6,s6,s1
80001ec8:	017c0c33          	add	s8,s8,s7
80001ecc:	00990933          	add	s2,s2,s1
80001ed0:	015c8663          	beq	s9,s5,80001edc <matrix_mul_matrix+0xcc>
80001ed4:	001c8c93          	addi	s9,s9,1
80001ed8:	f95ff06f          	j	80001e6c <matrix_mul_matrix+0x5c>
80001edc:	04c12083          	lw	ra,76(sp)
80001ee0:	04812403          	lw	s0,72(sp)
80001ee4:	04412483          	lw	s1,68(sp)
80001ee8:	04012903          	lw	s2,64(sp)
80001eec:	03c12983          	lw	s3,60(sp)
80001ef0:	03812a03          	lw	s4,56(sp)
80001ef4:	03412a83          	lw	s5,52(sp)
80001ef8:	03012b03          	lw	s6,48(sp)
80001efc:	02c12b83          	lw	s7,44(sp)
80001f00:	02812c03          	lw	s8,40(sp)
80001f04:	02412c83          	lw	s9,36(sp)
80001f08:	02012d03          	lw	s10,32(sp)
80001f0c:	01c12d83          	lw	s11,28(sp)
80001f10:	05010113          	addi	sp,sp,80
80001f14:	00008067          	ret
80001f18:	00008067          	ret

80001f1c <matrix_mul_matrix_bitextract>:
80001f1c:	10050e63          	beqz	a0,80002038 <matrix_mul_matrix_bitextract+0x11c>
80001f20:	fb010113          	addi	sp,sp,-80
80001f24:	04812423          	sw	s0,72(sp)
80001f28:	00151413          	slli	s0,a0,0x1
80001f2c:	04912223          	sw	s1,68(sp)
80001f30:	03512a23          	sw	s5,52(sp)
80001f34:	03612823          	sw	s6,48(sp)
80001f38:	03712623          	sw	s7,44(sp)
80001f3c:	03812423          	sw	s8,40(sp)
80001f40:	04112623          	sw	ra,76(sp)
80001f44:	05212023          	sw	s2,64(sp)
80001f48:	03312e23          	sw	s3,60(sp)
80001f4c:	03412c23          	sw	s4,56(sp)
80001f50:	03912223          	sw	s9,36(sp)
80001f54:	03a12023          	sw	s10,32(sp)
80001f58:	01b12e23          	sw	s11,28(sp)
80001f5c:	00d12623          	sw	a3,12(sp)
80001f60:	00b12423          	sw	a1,8(sp)
80001f64:	00050b13          	mv	s6,a0
80001f68:	00060a93          	mv	s5,a2
80001f6c:	008604b3          	add	s1,a2,s0
80001f70:	00000b93          	li	s7,0
80001f74:	00000c13          	li	s8,0
80001f78:	00812783          	lw	a5,8(sp)
80001f7c:	00c12983          	lw	s3,12(sp)
80001f80:	002b9913          	slli	s2,s7,0x2
80001f84:	01278933          	add	s2,a5,s2
80001f88:	00000a13          	li	s4,0
80001f8c:	00098d13          	mv	s10,s3
80001f90:	000a8d93          	mv	s11,s5
80001f94:	00000c93          	li	s9,0
80001f98:	000d1583          	lh	a1,0(s10)
80001f9c:	000d9503          	lh	a0,0(s11)
80001fa0:	002d8d93          	addi	s11,s11,2
80001fa4:	008d0d33          	add	s10,s10,s0
80001fa8:	3c1020ef          	jal	80004b68 <__mulsi3>
80001fac:	40255693          	srai	a3,a0,0x2
80001fb0:	40555593          	srai	a1,a0,0x5
80001fb4:	07f5f593          	andi	a1,a1,127
80001fb8:	00f6f513          	andi	a0,a3,15
80001fbc:	3ad020ef          	jal	80004b68 <__mulsi3>
80001fc0:	00ac8cb3          	add	s9,s9,a0
80001fc4:	fdb49ae3          	bne	s1,s11,80001f98 <matrix_mul_matrix_bitextract+0x7c>
80001fc8:	01992023          	sw	s9,0(s2)
80001fcc:	001a0793          	addi	a5,s4,1
80001fd0:	00490913          	addi	s2,s2,4
80001fd4:	00298993          	addi	s3,s3,2
80001fd8:	00fb0663          	beq	s6,a5,80001fe4 <matrix_mul_matrix_bitextract+0xc8>
80001fdc:	00078a13          	mv	s4,a5
80001fe0:	fadff06f          	j	80001f8c <matrix_mul_matrix_bitextract+0x70>
80001fe4:	008a8ab3          	add	s5,s5,s0
80001fe8:	016b8bb3          	add	s7,s7,s6
80001fec:	008484b3          	add	s1,s1,s0
80001ff0:	014c0663          	beq	s8,s4,80001ffc <matrix_mul_matrix_bitextract+0xe0>
80001ff4:	001c0c13          	addi	s8,s8,1
80001ff8:	f81ff06f          	j	80001f78 <matrix_mul_matrix_bitextract+0x5c>
80001ffc:	04c12083          	lw	ra,76(sp)
80002000:	04812403          	lw	s0,72(sp)
80002004:	04412483          	lw	s1,68(sp)
80002008:	04012903          	lw	s2,64(sp)
8000200c:	03c12983          	lw	s3,60(sp)
80002010:	03812a03          	lw	s4,56(sp)
80002014:	03412a83          	lw	s5,52(sp)
80002018:	03012b03          	lw	s6,48(sp)
8000201c:	02c12b83          	lw	s7,44(sp)
80002020:	02812c03          	lw	s8,40(sp)
80002024:	02412c83          	lw	s9,36(sp)
80002028:	02012d03          	lw	s10,32(sp)
8000202c:	01c12d83          	lw	s11,28(sp)
80002030:	05010113          	addi	sp,sp,80
80002034:	00008067          	ret
80002038:	00008067          	ret

8000203c <matrix_test>:
8000203c:	fb010113          	addi	sp,sp,-80
80002040:	03312e23          	sw	s3,60(sp)
80002044:	03412c23          	sw	s4,56(sp)
80002048:	04112623          	sw	ra,76(sp)
8000204c:	04812423          	sw	s0,72(sp)
80002050:	04912223          	sw	s1,68(sp)
80002054:	00d12623          	sw	a3,12(sp)
80002058:	00058a13          	mv	s4,a1
8000205c:	00060993          	mv	s3,a2
80002060:	36050063          	beqz	a0,800023c0 <matrix_test+0x384>
80002064:	03812423          	sw	s8,40(sp)
80002068:	00151c13          	slli	s8,a0,0x1
8000206c:	05212023          	sw	s2,64(sp)
80002070:	03712623          	sw	s7,44(sp)
80002074:	03912223          	sw	s9,36(sp)
80002078:	01860bb3          	add	s7,a2,s8
8000207c:	00070c93          	mv	s9,a4
80002080:	fffff937          	lui	s2,0xfffff
80002084:	03612823          	sw	s6,48(sp)
80002088:	03512a23          	sw	s5,52(sp)
8000208c:	03a12023          	sw	s10,32(sp)
80002090:	01b12e23          	sw	s11,28(sp)
80002094:	000b8713          	mv	a4,s7
80002098:	012ce933          	or	s2,s9,s2
8000209c:	00000b13          	li	s6,0
800020a0:	418707b3          	sub	a5,a4,s8
800020a4:	0007d683          	lhu	a3,0(a5)
800020a8:	00278793          	addi	a5,a5,2
800020ac:	00dc86b3          	add	a3,s9,a3
800020b0:	fed79f23          	sh	a3,-2(a5)
800020b4:	fee798e3          	bne	a5,a4,800020a4 <matrix_test+0x68>
800020b8:	001b0413          	addi	s0,s6,1
800020bc:	01878733          	add	a4,a5,s8
800020c0:	00850663          	beq	a0,s0,800020cc <matrix_test+0x90>
800020c4:	00040b13          	mv	s6,s0
800020c8:	fd9ff06f          	j	800020a0 <matrix_test+0x64>
800020cc:	00000d13          	li	s10,0
800020d0:	00000d93          	li	s11,0
800020d4:	002d1793          	slli	a5,s10,0x2
800020d8:	00fa0ab3          	add	s5,s4,a5
800020dc:	418b84b3          	sub	s1,s7,s8
800020e0:	00049503          	lh	a0,0(s1)
800020e4:	000c8593          	mv	a1,s9
800020e8:	00248493          	addi	s1,s1,2
800020ec:	27d020ef          	jal	80004b68 <__mulsi3>
800020f0:	00aaa023          	sw	a0,0(s5)
800020f4:	004a8a93          	addi	s5,s5,4
800020f8:	fe9b94e3          	bne	s7,s1,800020e0 <matrix_test+0xa4>
800020fc:	008d0d33          	add	s10,s10,s0
80002100:	018b8bb3          	add	s7,s7,s8
80002104:	016d8663          	beq	s11,s6,80002110 <matrix_test+0xd4>
80002108:	001d8d93          	addi	s11,s11,1
8000210c:	fc9ff06f          	j	800020d4 <matrix_test+0x98>
80002110:	00241c13          	slli	s8,s0,0x2
80002114:	018a0bb3          	add	s7,s4,s8
80002118:	000b8813          	mv	a6,s7
8000211c:	00000693          	li	a3,0
80002120:	00000713          	li	a4,0
80002124:	00000513          	li	a0,0
80002128:	00000893          	li	a7,0
8000212c:	418807b3          	sub	a5,a6,s8
80002130:	0180006f          	j	80002148 <matrix_test+0x10c>
80002134:	00c505b3          	add	a1,a0,a2
80002138:	01059513          	slli	a0,a1,0x10
8000213c:	00478793          	addi	a5,a5,4
80002140:	41055513          	srai	a0,a0,0x10
80002144:	02f80863          	beq	a6,a5,80002174 <matrix_test+0x138>
80002148:	00068613          	mv	a2,a3
8000214c:	0007a683          	lw	a3,0(a5)
80002150:	00a50593          	addi	a1,a0,10
80002154:	00d70733          	add	a4,a4,a3
80002158:	00d62633          	slt	a2,a2,a3
8000215c:	fce95ce3          	bge	s2,a4,80002134 <matrix_test+0xf8>
80002160:	01059513          	slli	a0,a1,0x10
80002164:	00478793          	addi	a5,a5,4
80002168:	00000713          	li	a4,0
8000216c:	41055513          	srai	a0,a0,0x10
80002170:	fcf81ce3          	bne	a6,a5,80002148 <matrix_test+0x10c>
80002174:	01880833          	add	a6,a6,s8
80002178:	011b0663          	beq	s6,a7,80002184 <matrix_test+0x148>
8000217c:	00188893          	addi	a7,a7,1
80002180:	fadff06f          	j	8000212c <matrix_test+0xf0>
80002184:	00000593          	li	a1,0
80002188:	0a4010ef          	jal	8000322c <crc16>
8000218c:	00c12683          	lw	a3,12(sp)
80002190:	00050493          	mv	s1,a0
80002194:	00098613          	mv	a2,s3
80002198:	00040513          	mv	a0,s0
8000219c:	000a0593          	mv	a1,s4
800021a0:	ba5ff0ef          	jal	80001d44 <matrix_mul_vect>
800021a4:	00000693          	li	a3,0
800021a8:	00000713          	li	a4,0
800021ac:	00000513          	li	a0,0
800021b0:	00000813          	li	a6,0
800021b4:	418b87b3          	sub	a5,s7,s8
800021b8:	0180006f          	j	800021d0 <matrix_test+0x194>
800021bc:	00c505b3          	add	a1,a0,a2
800021c0:	01059513          	slli	a0,a1,0x10
800021c4:	00478793          	addi	a5,a5,4
800021c8:	41055513          	srai	a0,a0,0x10
800021cc:	03778863          	beq	a5,s7,800021fc <matrix_test+0x1c0>
800021d0:	00068613          	mv	a2,a3
800021d4:	0007a683          	lw	a3,0(a5)
800021d8:	00a50593          	addi	a1,a0,10
800021dc:	00d70733          	add	a4,a4,a3
800021e0:	00d62633          	slt	a2,a2,a3
800021e4:	fce95ce3          	bge	s2,a4,800021bc <matrix_test+0x180>
800021e8:	01059513          	slli	a0,a1,0x10
800021ec:	00478793          	addi	a5,a5,4
800021f0:	00000713          	li	a4,0
800021f4:	41055513          	srai	a0,a0,0x10
800021f8:	fd779ce3          	bne	a5,s7,800021d0 <matrix_test+0x194>
800021fc:	01878bb3          	add	s7,a5,s8
80002200:	01680663          	beq	a6,s6,8000220c <matrix_test+0x1d0>
80002204:	00180813          	addi	a6,a6,1 # ffff8001 <_end+0x7fff18c1>
80002208:	fadff06f          	j	800021b4 <matrix_test+0x178>
8000220c:	00048593          	mv	a1,s1
80002210:	01c010ef          	jal	8000322c <crc16>
80002214:	00c12683          	lw	a3,12(sp)
80002218:	00050493          	mv	s1,a0
8000221c:	00098613          	mv	a2,s3
80002220:	00040513          	mv	a0,s0
80002224:	000a0593          	mv	a1,s4
80002228:	be9ff0ef          	jal	80001e10 <matrix_mul_matrix>
8000222c:	00000313          	li	t1,0
80002230:	00000793          	li	a5,0
80002234:	00000713          	li	a4,0
80002238:	00000513          	li	a0,0
8000223c:	00000893          	li	a7,0
80002240:	00231613          	slli	a2,t1,0x2
80002244:	00ca0633          	add	a2,s4,a2
80002248:	00000593          	li	a1,0
8000224c:	01c0006f          	j	80002268 <matrix_test+0x22c>
80002250:	00d50833          	add	a6,a0,a3
80002254:	01081513          	slli	a0,a6,0x10
80002258:	00158593          	addi	a1,a1,1
8000225c:	41055513          	srai	a0,a0,0x10
80002260:	00460613          	addi	a2,a2,4
80002264:	0285fa63          	bgeu	a1,s0,80002298 <matrix_test+0x25c>
80002268:	00078693          	mv	a3,a5
8000226c:	00062783          	lw	a5,0(a2)
80002270:	00a50813          	addi	a6,a0,10
80002274:	00f70733          	add	a4,a4,a5
80002278:	00f6a6b3          	slt	a3,a3,a5
8000227c:	fce95ae3          	bge	s2,a4,80002250 <matrix_test+0x214>
80002280:	01081513          	slli	a0,a6,0x10
80002284:	00158593          	addi	a1,a1,1
80002288:	00000713          	li	a4,0
8000228c:	41055513          	srai	a0,a0,0x10
80002290:	00460613          	addi	a2,a2,4
80002294:	fc85eae3          	bltu	a1,s0,80002268 <matrix_test+0x22c>
80002298:	00188893          	addi	a7,a7,1
8000229c:	00830333          	add	t1,t1,s0
800022a0:	fa88e0e3          	bltu	a7,s0,80002240 <matrix_test+0x204>
800022a4:	00048593          	mv	a1,s1
800022a8:	785000ef          	jal	8000322c <crc16>
800022ac:	00c12683          	lw	a3,12(sp)
800022b0:	00050493          	mv	s1,a0
800022b4:	00098613          	mv	a2,s3
800022b8:	00040513          	mv	a0,s0
800022bc:	000a0593          	mv	a1,s4
800022c0:	c5dff0ef          	jal	80001f1c <matrix_mul_matrix_bitextract>
800022c4:	00000313          	li	t1,0
800022c8:	00000793          	li	a5,0
800022cc:	00000713          	li	a4,0
800022d0:	00000513          	li	a0,0
800022d4:	00000893          	li	a7,0
800022d8:	00231613          	slli	a2,t1,0x2
800022dc:	00ca0633          	add	a2,s4,a2
800022e0:	00000593          	li	a1,0
800022e4:	01c0006f          	j	80002300 <matrix_test+0x2c4>
800022e8:	00d50833          	add	a6,a0,a3
800022ec:	01081513          	slli	a0,a6,0x10
800022f0:	00158593          	addi	a1,a1,1
800022f4:	41055513          	srai	a0,a0,0x10
800022f8:	00460613          	addi	a2,a2,4
800022fc:	0285fa63          	bgeu	a1,s0,80002330 <matrix_test+0x2f4>
80002300:	00078693          	mv	a3,a5
80002304:	00062783          	lw	a5,0(a2)
80002308:	00a50813          	addi	a6,a0,10
8000230c:	00f70733          	add	a4,a4,a5
80002310:	00f6a6b3          	slt	a3,a3,a5
80002314:	fce95ae3          	bge	s2,a4,800022e8 <matrix_test+0x2ac>
80002318:	01081513          	slli	a0,a6,0x10
8000231c:	00158593          	addi	a1,a1,1
80002320:	00000713          	li	a4,0
80002324:	41055513          	srai	a0,a0,0x10
80002328:	00460613          	addi	a2,a2,4
8000232c:	fc85eae3          	bltu	a1,s0,80002300 <matrix_test+0x2c4>
80002330:	00188893          	addi	a7,a7,1
80002334:	00830333          	add	t1,t1,s0
80002338:	fa88e0e3          	bltu	a7,s0,800022d8 <matrix_test+0x29c>
8000233c:	00048593          	mv	a1,s1
80002340:	6ed000ef          	jal	8000322c <crc16>
80002344:	00000593          	li	a1,0
80002348:	00000613          	li	a2,0
8000234c:	00159793          	slli	a5,a1,0x1
80002350:	00f987b3          	add	a5,s3,a5
80002354:	00000713          	li	a4,0
80002358:	0007d683          	lhu	a3,0(a5)
8000235c:	00170713          	addi	a4,a4,1
80002360:	00278793          	addi	a5,a5,2
80002364:	419686b3          	sub	a3,a3,s9
80002368:	fed79f23          	sh	a3,-2(a5)
8000236c:	fe8766e3          	bltu	a4,s0,80002358 <matrix_test+0x31c>
80002370:	00160613          	addi	a2,a2,1
80002374:	008585b3          	add	a1,a1,s0
80002378:	fc866ae3          	bltu	a2,s0,8000234c <matrix_test+0x310>
8000237c:	04012903          	lw	s2,64(sp)
80002380:	03412a83          	lw	s5,52(sp)
80002384:	03012b03          	lw	s6,48(sp)
80002388:	02c12b83          	lw	s7,44(sp)
8000238c:	02812c03          	lw	s8,40(sp)
80002390:	02412c83          	lw	s9,36(sp)
80002394:	02012d03          	lw	s10,32(sp)
80002398:	01c12d83          	lw	s11,28(sp)
8000239c:	04c12083          	lw	ra,76(sp)
800023a0:	04812403          	lw	s0,72(sp)
800023a4:	01051513          	slli	a0,a0,0x10
800023a8:	04412483          	lw	s1,68(sp)
800023ac:	03c12983          	lw	s3,60(sp)
800023b0:	03812a03          	lw	s4,56(sp)
800023b4:	41055513          	srai	a0,a0,0x10
800023b8:	05010113          	addi	sp,sp,80
800023bc:	00008067          	ret
800023c0:	00000593          	li	a1,0
800023c4:	669000ef          	jal	8000322c <crc16>
800023c8:	00c12483          	lw	s1,12(sp)
800023cc:	00098613          	mv	a2,s3
800023d0:	00050413          	mv	s0,a0
800023d4:	00048693          	mv	a3,s1
800023d8:	000a0593          	mv	a1,s4
800023dc:	00000513          	li	a0,0
800023e0:	965ff0ef          	jal	80001d44 <matrix_mul_vect>
800023e4:	00040593          	mv	a1,s0
800023e8:	00000513          	li	a0,0
800023ec:	641000ef          	jal	8000322c <crc16>
800023f0:	00048693          	mv	a3,s1
800023f4:	00098613          	mv	a2,s3
800023f8:	00050413          	mv	s0,a0
800023fc:	000a0593          	mv	a1,s4
80002400:	00000513          	li	a0,0
80002404:	a0dff0ef          	jal	80001e10 <matrix_mul_matrix>
80002408:	00040593          	mv	a1,s0
8000240c:	00000513          	li	a0,0
80002410:	61d000ef          	jal	8000322c <crc16>
80002414:	00050413          	mv	s0,a0
80002418:	000a0593          	mv	a1,s4
8000241c:	00048693          	mv	a3,s1
80002420:	00098613          	mv	a2,s3
80002424:	00000513          	li	a0,0
80002428:	af5ff0ef          	jal	80001f1c <matrix_mul_matrix_bitextract>
8000242c:	00040593          	mv	a1,s0
80002430:	00000513          	li	a0,0
80002434:	5f9000ef          	jal	8000322c <crc16>
80002438:	f65ff06f          	j	8000239c <matrix_test+0x360>

8000243c <core_bench_matrix>:
8000243c:	ff010113          	addi	sp,sp,-16
80002440:	00812423          	sw	s0,8(sp)
80002444:	00852683          	lw	a3,8(a0)
80002448:	00060413          	mv	s0,a2
8000244c:	00058713          	mv	a4,a1
80002450:	00452603          	lw	a2,4(a0)
80002454:	00c52583          	lw	a1,12(a0)
80002458:	00052503          	lw	a0,0(a0)
8000245c:	00112623          	sw	ra,12(sp)
80002460:	bddff0ef          	jal	8000203c <matrix_test>
80002464:	00040593          	mv	a1,s0
80002468:	00812403          	lw	s0,8(sp)
8000246c:	00c12083          	lw	ra,12(sp)
80002470:	01010113          	addi	sp,sp,16
80002474:	5b90006f          	j	8000322c <crc16>

80002478 <core_init_state>:
80002478:	fff50313          	addi	t1,a0,-1
8000247c:	00100e93          	li	t4,1
80002480:	106efe63          	bgeu	t4,t1,8000259c <core_init_state+0x124>
80002484:	01d585b3          	add	a1,a1,t4
80002488:	01059593          	slli	a1,a1,0x10
8000248c:	0105d593          	srli	a1,a1,0x10
80002490:	ff010113          	addi	sp,sp,-16
80002494:	800068b7          	lui	a7,0x80006
80002498:	01b59813          	slli	a6,a1,0x1b
8000249c:	00812623          	sw	s0,12(sp)
800024a0:	00700e13          	li	t3,7
800024a4:	0075f693          	andi	a3,a1,7
800024a8:	9b888893          	addi	a7,a7,-1608 # 800059b8 <intpat>
800024ac:	00000713          	li	a4,0
800024b0:	00400f13          	li	t5,4
800024b4:	02c00f93          	li	t6,44
800024b8:	01e85793          	srli	a5,a6,0x1e
800024bc:	07c68e63          	beq	a3,t3,80002538 <core_init_state+0xc0>
800024c0:	0cdf6463          	bltu	t5,a3,80002588 <core_init_state+0x110>
800024c4:	ffd68693          	addi	a3,a3,-3
800024c8:	01069693          	slli	a3,a3,0x10
800024cc:	00279793          	slli	a5,a5,0x2
800024d0:	0106d693          	srli	a3,a3,0x10
800024d4:	00f887b3          	add	a5,a7,a5
800024d8:	0adee263          	bltu	t4,a3,8000257c <core_init_state+0x104>
800024dc:	0107a783          	lw	a5,16(a5)
800024e0:	00800293          	li	t0,8
800024e4:	00170693          	addi	a3,a4,1
800024e8:	00568433          	add	s0,a3,t0
800024ec:	06647463          	bgeu	s0,t1,80002554 <core_init_state+0xdc>
800024f0:	00158593          	addi	a1,a1,1
800024f4:	00e60733          	add	a4,a2,a4
800024f8:	01059593          	slli	a1,a1,0x10
800024fc:	0105d593          	srli	a1,a1,0x10
80002500:	00070693          	mv	a3,a4
80002504:	005783b3          	add	t2,a5,t0
80002508:	0007c803          	lbu	a6,0(a5)
8000250c:	00178793          	addi	a5,a5,1
80002510:	00168693          	addi	a3,a3,1
80002514:	ff068fa3          	sb	a6,-1(a3)
80002518:	fef398e3          	bne	t2,a5,80002508 <core_init_state+0x90>
8000251c:	00570733          	add	a4,a4,t0
80002520:	01f70023          	sb	t6,0(a4)
80002524:	01b59813          	slli	a6,a1,0x1b
80002528:	0075f693          	andi	a3,a1,7
8000252c:	00040713          	mv	a4,s0
80002530:	01e85793          	srli	a5,a6,0x1e
80002534:	f9c696e3          	bne	a3,t3,800024c0 <core_init_state+0x48>
80002538:	00279793          	slli	a5,a5,0x2
8000253c:	00800293          	li	t0,8
80002540:	00170693          	addi	a3,a4,1
80002544:	00f887b3          	add	a5,a7,a5
80002548:	00568433          	add	s0,a3,t0
8000254c:	0307a783          	lw	a5,48(a5)
80002550:	fa6460e3          	bltu	s0,t1,800024f0 <core_init_state+0x78>
80002554:	00a76663          	bltu	a4,a0,80002560 <core_init_state+0xe8>
80002558:	0180006f          	j	80002570 <core_init_state+0xf8>
8000255c:	00168693          	addi	a3,a3,1
80002560:	00e60733          	add	a4,a2,a4
80002564:	00070023          	sb	zero,0(a4)
80002568:	00068713          	mv	a4,a3
8000256c:	fea6e8e3          	bltu	a3,a0,8000255c <core_init_state+0xe4>
80002570:	00c12403          	lw	s0,12(sp)
80002574:	01010113          	addi	sp,sp,16
80002578:	00008067          	ret
8000257c:	0007a783          	lw	a5,0(a5)
80002580:	00400293          	li	t0,4
80002584:	f61ff06f          	j	800024e4 <core_init_state+0x6c>
80002588:	00279793          	slli	a5,a5,0x2
8000258c:	00f887b3          	add	a5,a7,a5
80002590:	0207a783          	lw	a5,32(a5)
80002594:	00800293          	li	t0,8
80002598:	f4dff06f          	j	800024e4 <core_init_state+0x6c>
8000259c:	000e8693          	mv	a3,t4
800025a0:	00000713          	li	a4,0
800025a4:	0080006f          	j	800025ac <core_init_state+0x134>
800025a8:	00168693          	addi	a3,a3,1
800025ac:	00e60733          	add	a4,a2,a4
800025b0:	00070023          	sb	zero,0(a4)
800025b4:	00068713          	mv	a4,a3
800025b8:	fea6e8e3          	bltu	a3,a0,800025a8 <core_init_state+0x130>
800025bc:	00008067          	ret

800025c0 <core_state_transition>:
800025c0:	00052683          	lw	a3,0(a0)
800025c4:	0006c783          	lbu	a5,0(a3)
800025c8:	04078263          	beqz	a5,8000260c <core_state_transition+0x4c>
800025cc:	02c00713          	li	a4,44
800025d0:	20e78263          	beq	a5,a4,800027d4 <core_state_transition+0x214>
800025d4:	02e00813          	li	a6,46
800025d8:	1d078c63          	beq	a5,a6,800027b0 <core_state_transition+0x1f0>
800025dc:	02f86e63          	bltu	a6,a5,80002618 <core_state_transition+0x58>
800025e0:	fd578793          	addi	a5,a5,-43
800025e4:	0fd7f793          	andi	a5,a5,253
800025e8:	1e078c63          	beqz	a5,800027e0 <core_state_transition+0x220>
800025ec:	0045a703          	lw	a4,4(a1)
800025f0:	0005a783          	lw	a5,0(a1)
800025f4:	00168693          	addi	a3,a3,1
800025f8:	00170713          	addi	a4,a4,1
800025fc:	00178793          	addi	a5,a5,1
80002600:	00f5a023          	sw	a5,0(a1)
80002604:	00e5a223          	sw	a4,4(a1)
80002608:	00100793          	li	a5,1
8000260c:	00d52023          	sw	a3,0(a0)
80002610:	00078513          	mv	a0,a5
80002614:	00008067          	ret
80002618:	fd078793          	addi	a5,a5,-48
8000261c:	0ff7f793          	zext.b	a5,a5
80002620:	00900613          	li	a2,9
80002624:	fcf664e3          	bltu	a2,a5,800025ec <core_state_transition+0x2c>
80002628:	0005a603          	lw	a2,0(a1)
8000262c:	00168793          	addi	a5,a3,1
80002630:	00160613          	addi	a2,a2,1
80002634:	00c5a023          	sw	a2,0(a1)
80002638:	0016c683          	lbu	a3,1(a3)
8000263c:	1e068a63          	beqz	a3,80002830 <core_state_transition+0x270>
80002640:	20e68663          	beq	a3,a4,8000284c <core_state_transition+0x28c>
80002644:	02e00713          	li	a4,46
80002648:	04e68663          	beq	a3,a4,80002694 <core_state_transition+0xd4>
8000264c:	fd068693          	addi	a3,a3,-48
80002650:	0ff6f693          	zext.b	a3,a3
80002654:	00900713          	li	a4,9
80002658:	02d77463          	bgeu	a4,a3,80002680 <core_state_transition+0xc0>
8000265c:	0105a703          	lw	a4,16(a1)
80002660:	00178693          	addi	a3,a5,1
80002664:	00100793          	li	a5,1
80002668:	00f70733          	add	a4,a4,a5
8000266c:	00e5a823          	sw	a4,16(a1)
80002670:	00d52023          	sw	a3,0(a0)
80002674:	00078513          	mv	a0,a5
80002678:	00008067          	ret
8000267c:	00c5a423          	sw	a2,8(a1)
80002680:	0017c683          	lbu	a3,1(a5)
80002684:	00178793          	addi	a5,a5,1
80002688:	1a068463          	beqz	a3,80002830 <core_state_transition+0x270>
8000268c:	02c00713          	li	a4,44
80002690:	fb1ff06f          	j	80002640 <core_state_transition+0x80>
80002694:	0105a703          	lw	a4,16(a1)
80002698:	00170713          	addi	a4,a4,1
8000269c:	00e5a823          	sw	a4,16(a1)
800026a0:	0017c683          	lbu	a3,1(a5)
800026a4:	00178793          	addi	a5,a5,1
800026a8:	12068063          	beqz	a3,800027c8 <core_state_transition+0x208>
800026ac:	02c00713          	li	a4,44
800026b0:	18e68663          	beq	a3,a4,8000283c <core_state_transition+0x27c>
800026b4:	0df6f713          	andi	a4,a3,223
800026b8:	04500613          	li	a2,69
800026bc:	0cc71663          	bne	a4,a2,80002788 <core_state_transition+0x1c8>
800026c0:	0145a703          	lw	a4,20(a1)
800026c4:	00178693          	addi	a3,a5,1
800026c8:	00170713          	addi	a4,a4,1
800026cc:	00e5aa23          	sw	a4,20(a1)
800026d0:	0017c703          	lbu	a4,1(a5)
800026d4:	18070863          	beqz	a4,80002864 <core_state_transition+0x2a4>
800026d8:	02c00613          	li	a2,44
800026dc:	18c70863          	beq	a4,a2,8000286c <core_state_transition+0x2ac>
800026e0:	00c5a683          	lw	a3,12(a1)
800026e4:	fd570713          	addi	a4,a4,-43
800026e8:	0fd77713          	andi	a4,a4,253
800026ec:	00168693          	addi	a3,a3,1
800026f0:	00d5a623          	sw	a3,12(a1)
800026f4:	08071463          	bnez	a4,8000277c <core_state_transition+0x1bc>
800026f8:	0027c703          	lbu	a4,2(a5)
800026fc:	00278693          	addi	a3,a5,2
80002700:	14070e63          	beqz	a4,8000285c <core_state_transition+0x29c>
80002704:	18c70463          	beq	a4,a2,8000288c <core_state_transition+0x2cc>
80002708:	0185a603          	lw	a2,24(a1)
8000270c:	fd070713          	addi	a4,a4,-48
80002710:	0ff77713          	zext.b	a4,a4
80002714:	00160613          	addi	a2,a2,1
80002718:	00900813          	li	a6,9
8000271c:	00c5ac23          	sw	a2,24(a1)
80002720:	00e87c63          	bgeu	a6,a4,80002738 <core_state_transition+0x178>
80002724:	00378693          	addi	a3,a5,3
80002728:	00100793          	li	a5,1
8000272c:	00d52023          	sw	a3,0(a0)
80002730:	00078513          	mv	a0,a5
80002734:	00008067          	ret
80002738:	00068613          	mv	a2,a3
8000273c:	0016c703          	lbu	a4,1(a3)
80002740:	00168693          	addi	a3,a3,1
80002744:	02c00893          	li	a7,44
80002748:	fd070793          	addi	a5,a4,-48
8000274c:	0ff7f793          	zext.b	a5,a5
80002750:	12070463          	beqz	a4,80002878 <core_state_transition+0x2b8>
80002754:	13170663          	beq	a4,a7,80002880 <core_state_transition+0x2c0>
80002758:	fef870e3          	bgeu	a6,a5,80002738 <core_state_transition+0x178>
8000275c:	0045a703          	lw	a4,4(a1)
80002760:	00100793          	li	a5,1
80002764:	00260693          	addi	a3,a2,2
80002768:	00f70733          	add	a4,a4,a5
8000276c:	00e5a223          	sw	a4,4(a1)
80002770:	00d52023          	sw	a3,0(a0)
80002774:	00078513          	mv	a0,a5
80002778:	00008067          	ret
8000277c:	00278693          	addi	a3,a5,2
80002780:	00100793          	li	a5,1
80002784:	e89ff06f          	j	8000260c <core_state_transition+0x4c>
80002788:	fd068693          	addi	a3,a3,-48
8000278c:	0ff6f693          	zext.b	a3,a3
80002790:	00900713          	li	a4,9
80002794:	f0d776e3          	bgeu	a4,a3,800026a0 <core_state_transition+0xe0>
80002798:	0145a703          	lw	a4,20(a1)
8000279c:	00178693          	addi	a3,a5,1
800027a0:	00100793          	li	a5,1
800027a4:	00f70733          	add	a4,a4,a5
800027a8:	00e5aa23          	sw	a4,20(a1)
800027ac:	e61ff06f          	j	8000260c <core_state_transition+0x4c>
800027b0:	0005a603          	lw	a2,0(a1)
800027b4:	00168793          	addi	a5,a3,1
800027b8:	00160613          	addi	a2,a2,1
800027bc:	00c5a023          	sw	a2,0(a1)
800027c0:	0016c683          	lbu	a3,1(a3)
800027c4:	ee0696e3          	bnez	a3,800026b0 <core_state_transition+0xf0>
800027c8:	00078693          	mv	a3,a5
800027cc:	00500793          	li	a5,5
800027d0:	e3dff06f          	j	8000260c <core_state_transition+0x4c>
800027d4:	00000793          	li	a5,0
800027d8:	00168693          	addi	a3,a3,1
800027dc:	e31ff06f          	j	8000260c <core_state_transition+0x4c>
800027e0:	0005a603          	lw	a2,0(a1)
800027e4:	00168793          	addi	a5,a3,1
800027e8:	00160613          	addi	a2,a2,1
800027ec:	00c5a023          	sw	a2,0(a1)
800027f0:	0016c303          	lbu	t1,1(a3)
800027f4:	0a030a63          	beqz	t1,800028a8 <core_state_transition+0x2e8>
800027f8:	0ae30063          	beq	t1,a4,80002898 <core_state_transition+0x2d8>
800027fc:	0085a603          	lw	a2,8(a1)
80002800:	fd030713          	addi	a4,t1,-48
80002804:	0ff77713          	zext.b	a4,a4
80002808:	00900893          	li	a7,9
8000280c:	00160613          	addi	a2,a2,1
80002810:	e6e8f6e3          	bgeu	a7,a4,8000267c <core_state_transition+0xbc>
80002814:	01030a63          	beq	t1,a6,80002828 <core_state_transition+0x268>
80002818:	00c5a423          	sw	a2,8(a1)
8000281c:	00268693          	addi	a3,a3,2
80002820:	00100793          	li	a5,1
80002824:	de9ff06f          	j	8000260c <core_state_transition+0x4c>
80002828:	00c5a423          	sw	a2,8(a1)
8000282c:	e75ff06f          	j	800026a0 <core_state_transition+0xe0>
80002830:	00078693          	mv	a3,a5
80002834:	00400793          	li	a5,4
80002838:	dd5ff06f          	j	8000260c <core_state_transition+0x4c>
8000283c:	00078693          	mv	a3,a5
80002840:	00168693          	addi	a3,a3,1
80002844:	00500793          	li	a5,5
80002848:	dc5ff06f          	j	8000260c <core_state_transition+0x4c>
8000284c:	00078693          	mv	a3,a5
80002850:	00168693          	addi	a3,a3,1
80002854:	00400793          	li	a5,4
80002858:	db5ff06f          	j	8000260c <core_state_transition+0x4c>
8000285c:	00600793          	li	a5,6
80002860:	dadff06f          	j	8000260c <core_state_transition+0x4c>
80002864:	00300793          	li	a5,3
80002868:	da5ff06f          	j	8000260c <core_state_transition+0x4c>
8000286c:	00300793          	li	a5,3
80002870:	00168693          	addi	a3,a3,1
80002874:	d99ff06f          	j	8000260c <core_state_transition+0x4c>
80002878:	00700793          	li	a5,7
8000287c:	d91ff06f          	j	8000260c <core_state_transition+0x4c>
80002880:	00700793          	li	a5,7
80002884:	00168693          	addi	a3,a3,1
80002888:	d85ff06f          	j	8000260c <core_state_transition+0x4c>
8000288c:	00600793          	li	a5,6
80002890:	00168693          	addi	a3,a3,1
80002894:	d79ff06f          	j	8000260c <core_state_transition+0x4c>
80002898:	00078693          	mv	a3,a5
8000289c:	00168693          	addi	a3,a3,1
800028a0:	00200793          	li	a5,2
800028a4:	d69ff06f          	j	8000260c <core_state_transition+0x4c>
800028a8:	00078693          	mv	a3,a5
800028ac:	00200793          	li	a5,2
800028b0:	d5dff06f          	j	8000260c <core_state_transition+0x4c>

800028b4 <core_bench_state>:
800028b4:	f8010113          	addi	sp,sp,-128
800028b8:	07312623          	sw	s3,108(sp)
800028bc:	07412423          	sw	s4,104(sp)
800028c0:	01010993          	addi	s3,sp,16
800028c4:	03010a13          	addi	s4,sp,48
800028c8:	06812c23          	sw	s0,120(sp)
800028cc:	06912a23          	sw	s1,116(sp)
800028d0:	07212823          	sw	s2,112(sp)
800028d4:	07612023          	sw	s6,96(sp)
800028d8:	05712e23          	sw	s7,92(sp)
800028dc:	05812c23          	sw	s8,88(sp)
800028e0:	05912a23          	sw	s9,84(sp)
800028e4:	00078493          	mv	s1,a5
800028e8:	00070b13          	mv	s6,a4
800028ec:	06112e23          	sw	ra,124(sp)
800028f0:	07512223          	sw	s5,100(sp)
800028f4:	00058413          	mv	s0,a1
800028f8:	00b12623          	sw	a1,12(sp)
800028fc:	00050c93          	mv	s9,a0
80002900:	00060c13          	mv	s8,a2
80002904:	00068b93          	mv	s7,a3
80002908:	000a0793          	mv	a5,s4
8000290c:	00098913          	mv	s2,s3
80002910:	00098713          	mv	a4,s3
80002914:	0007a023          	sw	zero,0(a5)
80002918:	00072023          	sw	zero,0(a4)
8000291c:	00478793          	addi	a5,a5,4
80002920:	05010693          	addi	a3,sp,80
80002924:	00470713          	addi	a4,a4,4
80002928:	fed796e3          	bne	a5,a3,80002914 <core_bench_state+0x60>
8000292c:	00044783          	lbu	a5,0(s0)
80002930:	00c10a93          	addi	s5,sp,12
80002934:	10078a63          	beqz	a5,80002a48 <core_bench_state+0x194>
80002938:	03010593          	addi	a1,sp,48
8000293c:	000a8513          	mv	a0,s5
80002940:	c81ff0ef          	jal	800025c0 <core_state_transition>
80002944:	00251713          	slli	a4,a0,0x2
80002948:	00e98733          	add	a4,s3,a4
8000294c:	00c12683          	lw	a3,12(sp)
80002950:	00072783          	lw	a5,0(a4)
80002954:	0006c683          	lbu	a3,0(a3)
80002958:	00178793          	addi	a5,a5,1
8000295c:	00f72023          	sw	a5,0(a4)
80002960:	fc069ce3          	bnez	a3,80002938 <core_bench_state+0x84>
80002964:	00812623          	sw	s0,12(sp)
80002968:	01940cb3          	add	s9,s0,s9
8000296c:	03947863          	bgeu	s0,s9,8000299c <core_bench_state+0xe8>
80002970:	00040793          	mv	a5,s0
80002974:	02c00613          	li	a2,44
80002978:	0007c703          	lbu	a4,0(a5)
8000297c:	018746b3          	xor	a3,a4,s8
80002980:	00c70463          	beq	a4,a2,80002988 <core_bench_state+0xd4>
80002984:	00d78023          	sb	a3,0(a5)
80002988:	016787b3          	add	a5,a5,s6
8000298c:	ff97e6e3          	bltu	a5,s9,80002978 <core_bench_state+0xc4>
80002990:	00044783          	lbu	a5,0(s0)
80002994:	00c10a93          	addi	s5,sp,12
80002998:	02078863          	beqz	a5,800029c8 <core_bench_state+0x114>
8000299c:	03010593          	addi	a1,sp,48
800029a0:	000a8513          	mv	a0,s5
800029a4:	c1dff0ef          	jal	800025c0 <core_state_transition>
800029a8:	00251713          	slli	a4,a0,0x2
800029ac:	00e98733          	add	a4,s3,a4
800029b0:	00c12683          	lw	a3,12(sp)
800029b4:	00072783          	lw	a5,0(a4)
800029b8:	0006c683          	lbu	a3,0(a3)
800029bc:	00178793          	addi	a5,a5,1
800029c0:	00f72023          	sw	a5,0(a4)
800029c4:	fc069ce3          	bnez	a3,8000299c <core_bench_state+0xe8>
800029c8:	02c00693          	li	a3,44
800029cc:	01947e63          	bgeu	s0,s9,800029e8 <core_bench_state+0x134>
800029d0:	00044783          	lbu	a5,0(s0)
800029d4:	0177c733          	xor	a4,a5,s7
800029d8:	00d78463          	beq	a5,a3,800029e0 <core_bench_state+0x12c>
800029dc:	00e40023          	sb	a4,0(s0)
800029e0:	01640433          	add	s0,s0,s6
800029e4:	ff9466e3          	bltu	s0,s9,800029d0 <core_bench_state+0x11c>
800029e8:	02098993          	addi	s3,s3,32
800029ec:	00092503          	lw	a0,0(s2) # fffff000 <_end+0x7fff88c0>
800029f0:	00048593          	mv	a1,s1
800029f4:	00490913          	addi	s2,s2,4
800029f8:	414000ef          	jal	80002e0c <crcu32>
800029fc:	00050593          	mv	a1,a0
80002a00:	000a2503          	lw	a0,0(s4)
80002a04:	004a0a13          	addi	s4,s4,4
80002a08:	404000ef          	jal	80002e0c <crcu32>
80002a0c:	00050493          	mv	s1,a0
80002a10:	fd299ee3          	bne	s3,s2,800029ec <core_bench_state+0x138>
80002a14:	07c12083          	lw	ra,124(sp)
80002a18:	07812403          	lw	s0,120(sp)
80002a1c:	07412483          	lw	s1,116(sp)
80002a20:	07012903          	lw	s2,112(sp)
80002a24:	06c12983          	lw	s3,108(sp)
80002a28:	06812a03          	lw	s4,104(sp)
80002a2c:	06412a83          	lw	s5,100(sp)
80002a30:	06012b03          	lw	s6,96(sp)
80002a34:	05c12b83          	lw	s7,92(sp)
80002a38:	05812c03          	lw	s8,88(sp)
80002a3c:	05412c83          	lw	s9,84(sp)
80002a40:	08010113          	addi	sp,sp,128
80002a44:	00008067          	ret
80002a48:	01940cb3          	add	s9,s0,s9
80002a4c:	f39462e3          	bltu	s0,s9,80002970 <core_bench_state+0xbc>
80002a50:	f99ff06f          	j	800029e8 <core_bench_state+0x134>

80002a54 <get_seed_32>:
80002a54:	00500793          	li	a5,5
80002a58:	04a7ea63          	bltu	a5,a0,80002aac <get_seed_32+0x58>
80002a5c:	800067b7          	lui	a5,0x80006
80002a60:	9f878793          	addi	a5,a5,-1544 # 800059f8 <errpat+0x10>
80002a64:	00251513          	slli	a0,a0,0x2
80002a68:	00f50533          	add	a0,a0,a5
80002a6c:	00052783          	lw	a5,0(a0)
80002a70:	00078067          	jr	a5
80002a74:	800067b7          	lui	a5,0x80006
80002a78:	f507a503          	lw	a0,-176(a5) # 80005f50 <seed5_volatile>
80002a7c:	00008067          	ret
80002a80:	800067b7          	lui	a5,0x80006
80002a84:	f587a503          	lw	a0,-168(a5) # 80005f58 <seed1_volatile>
80002a88:	00008067          	ret
80002a8c:	800067b7          	lui	a5,0x80006
80002a90:	f547a503          	lw	a0,-172(a5) # 80005f54 <seed2_volatile>
80002a94:	00008067          	ret
80002a98:	8081a503          	lw	a0,-2040(gp) # 80005f44 <seed3_volatile>
80002a9c:	00008067          	ret
80002aa0:	800067b7          	lui	a5,0x80006
80002aa4:	f407a503          	lw	a0,-192(a5) # 80005f40 <seed4_volatile>
80002aa8:	00008067          	ret
80002aac:	00000513          	li	a0,0
80002ab0:	00008067          	ret

80002ab4 <crcu8>:
80002ab4:	0ff5f713          	zext.b	a4,a1
80002ab8:	00871713          	slli	a4,a4,0x8
80002abc:	0085d593          	srli	a1,a1,0x8
80002ac0:	000017b7          	lui	a5,0x1
80002ac4:	fffff337          	lui	t1,0xfffff
80002ac8:	00b76733          	or	a4,a4,a1
80002acc:	f0f78793          	addi	a5,a5,-241 # f0f <_tbss_end+0xecb>
80002ad0:	0f030313          	addi	t1,t1,240 # fffff0f0 <_end+0x7fff89b0>
80002ad4:	00f77633          	and	a2,a4,a5
80002ad8:	00677733          	and	a4,a4,t1
80002adc:	00475713          	srli	a4,a4,0x4
80002ae0:	00461613          	slli	a2,a2,0x4
80002ae4:	00e66633          	or	a2,a2,a4
80002ae8:	ffffd8b7          	lui	a7,0xffffd
80002aec:	00003737          	lui	a4,0x3
80002af0:	33370713          	addi	a4,a4,819 # 3333 <_tbss_end+0x32ef>
80002af4:	ccc88893          	addi	a7,a7,-820 # ffffcccc <_end+0x7fff658c>
80002af8:	00f57693          	andi	a3,a0,15
80002afc:	00e675b3          	and	a1,a2,a4
80002b00:	00455513          	srli	a0,a0,0x4
80002b04:	01167633          	and	a2,a2,a7
80002b08:	00469693          	slli	a3,a3,0x4
80002b0c:	00a6e6b3          	or	a3,a3,a0
80002b10:	00265613          	srli	a2,a2,0x2
80002b14:	00259593          	slli	a1,a1,0x2
80002b18:	00c5e5b3          	or	a1,a1,a2
80002b1c:	00005537          	lui	a0,0x5
80002b20:	0336f613          	andi	a2,a3,51
80002b24:	ffffb837          	lui	a6,0xffffb
80002b28:	0cc6f693          	andi	a3,a3,204
80002b2c:	aaa80813          	addi	a6,a6,-1366 # ffffaaaa <_end+0x7fff436a>
80002b30:	0026de13          	srli	t3,a3,0x2
80002b34:	55550513          	addi	a0,a0,1365 # 5555 <_tbss_end+0x5511>
80002b38:	00261613          	slli	a2,a2,0x2
80002b3c:	00a5f6b3          	and	a3,a1,a0
80002b40:	01c66633          	or	a2,a2,t3
80002b44:	0105f5b3          	and	a1,a1,a6
80002b48:	0015d593          	srli	a1,a1,0x1
80002b4c:	00169693          	slli	a3,a3,0x1
80002b50:	05567e93          	andi	t4,a2,85
80002b54:	0aa67613          	andi	a2,a2,170
80002b58:	00b6ee33          	or	t3,a3,a1
80002b5c:	001e9e93          	slli	t4,t4,0x1
80002b60:	00165613          	srli	a2,a2,0x1
80002b64:	008e5e13          	srli	t3,t3,0x8
80002b68:	00cee633          	or	a2,t4,a2
80002b6c:	00ce4633          	xor	a2,t3,a2
80002b70:	80006e37          	lui	t3,0x80006
80002b74:	a10e0e13          	addi	t3,t3,-1520 # 80005a10 <errpat+0x28>
80002b78:	00161613          	slli	a2,a2,0x1
80002b7c:	01c60633          	add	a2,a2,t3
80002b80:	00065603          	lhu	a2,0(a2)
80002b84:	00b6e6b3          	or	a3,a3,a1
80002b88:	00869693          	slli	a3,a3,0x8
80002b8c:	00d646b3          	xor	a3,a2,a3
80002b90:	01069593          	slli	a1,a3,0x10
80002b94:	0ff67613          	zext.b	a2,a2
80002b98:	0185d693          	srli	a3,a1,0x18
80002b9c:	00861613          	slli	a2,a2,0x8
80002ba0:	00d66633          	or	a2,a2,a3
80002ba4:	00f676b3          	and	a3,a2,a5
80002ba8:	00667633          	and	a2,a2,t1
80002bac:	00465613          	srli	a2,a2,0x4
80002bb0:	00469693          	slli	a3,a3,0x4
80002bb4:	00c6e6b3          	or	a3,a3,a2
80002bb8:	00e6f7b3          	and	a5,a3,a4
80002bbc:	0116f6b3          	and	a3,a3,a7
80002bc0:	0026d693          	srli	a3,a3,0x2
80002bc4:	00279793          	slli	a5,a5,0x2
80002bc8:	00d7e7b3          	or	a5,a5,a3
80002bcc:	00a7f533          	and	a0,a5,a0
80002bd0:	0107f7b3          	and	a5,a5,a6
80002bd4:	0017d793          	srli	a5,a5,0x1
80002bd8:	00151513          	slli	a0,a0,0x1
80002bdc:	00f56533          	or	a0,a0,a5
80002be0:	00008067          	ret

80002be4 <crcu16>:
80002be4:	0ff5f793          	zext.b	a5,a1
80002be8:	00879793          	slli	a5,a5,0x8
80002bec:	0085d593          	srli	a1,a1,0x8
80002bf0:	00001737          	lui	a4,0x1
80002bf4:	fffff337          	lui	t1,0xfffff
80002bf8:	0f030313          	addi	t1,t1,240 # fffff0f0 <_end+0x7fff89b0>
80002bfc:	f0f70713          	addi	a4,a4,-241 # f0f <_tbss_end+0xecb>
80002c00:	00b7e7b3          	or	a5,a5,a1
80002c04:	00e7f5b3          	and	a1,a5,a4
80002c08:	0067f7b3          	and	a5,a5,t1
80002c0c:	0047d793          	srli	a5,a5,0x4
80002c10:	00459593          	slli	a1,a1,0x4
80002c14:	00f5e5b3          	or	a1,a1,a5
80002c18:	ffffd8b7          	lui	a7,0xffffd
80002c1c:	000037b7          	lui	a5,0x3
80002c20:	ccc88893          	addi	a7,a7,-820 # ffffcccc <_end+0x7fff658c>
80002c24:	33378793          	addi	a5,a5,819 # 3333 <_tbss_end+0x32ef>
80002c28:	00f57693          	andi	a3,a0,15
80002c2c:	0f057813          	andi	a6,a0,240
80002c30:	00f5f633          	and	a2,a1,a5
80002c34:	00485813          	srli	a6,a6,0x4
80002c38:	0115f5b3          	and	a1,a1,a7
80002c3c:	00469693          	slli	a3,a3,0x4
80002c40:	0106e6b3          	or	a3,a3,a6
80002c44:	0025d593          	srli	a1,a1,0x2
80002c48:	00261613          	slli	a2,a2,0x2
80002c4c:	00b66633          	or	a2,a2,a1
80002c50:	0336fe13          	andi	t3,a3,51
80002c54:	000055b7          	lui	a1,0x5
80002c58:	0cc6f693          	andi	a3,a3,204
80002c5c:	ffffb837          	lui	a6,0xffffb
80002c60:	55558593          	addi	a1,a1,1365 # 5555 <_tbss_end+0x5511>
80002c64:	aaa80813          	addi	a6,a6,-1366 # ffffaaaa <_end+0x7fff436a>
80002c68:	0026de93          	srli	t4,a3,0x2
80002c6c:	002e1e13          	slli	t3,t3,0x2
80002c70:	00b676b3          	and	a3,a2,a1
80002c74:	01de6e33          	or	t3,t3,t4
80002c78:	01067633          	and	a2,a2,a6
80002c7c:	00169693          	slli	a3,a3,0x1
80002c80:	00165613          	srli	a2,a2,0x1
80002c84:	055e7f13          	andi	t5,t3,85
80002c88:	0aae7e13          	andi	t3,t3,170
80002c8c:	00c6eeb3          	or	t4,a3,a2
80002c90:	001f1f13          	slli	t5,t5,0x1
80002c94:	001e5e13          	srli	t3,t3,0x1
80002c98:	01cf6e33          	or	t3,t5,t3
80002c9c:	008ede93          	srli	t4,t4,0x8
80002ca0:	01ceceb3          	xor	t4,t4,t3
80002ca4:	80006e37          	lui	t3,0x80006
80002ca8:	a10e0e13          	addi	t3,t3,-1520 # 80005a10 <errpat+0x28>
80002cac:	00c6e633          	or	a2,a3,a2
80002cb0:	001e9693          	slli	a3,t4,0x1
80002cb4:	01c686b3          	add	a3,a3,t3
80002cb8:	0006d683          	lhu	a3,0(a3)
80002cbc:	00861613          	slli	a2,a2,0x8
80002cc0:	00855513          	srli	a0,a0,0x8
80002cc4:	00c6c633          	xor	a2,a3,a2
80002cc8:	01061e93          	slli	t4,a2,0x10
80002ccc:	0ff6f693          	zext.b	a3,a3
80002cd0:	018ed613          	srli	a2,t4,0x18
80002cd4:	00869693          	slli	a3,a3,0x8
80002cd8:	00c6e6b3          	or	a3,a3,a2
80002cdc:	00e6f633          	and	a2,a3,a4
80002ce0:	0066f6b3          	and	a3,a3,t1
80002ce4:	0046d693          	srli	a3,a3,0x4
80002ce8:	00461613          	slli	a2,a2,0x4
80002cec:	00d66633          	or	a2,a2,a3
80002cf0:	00f676b3          	and	a3,a2,a5
80002cf4:	01167633          	and	a2,a2,a7
80002cf8:	00265613          	srli	a2,a2,0x2
80002cfc:	00269693          	slli	a3,a3,0x2
80002d00:	00c6e6b3          	or	a3,a3,a2
80002d04:	00b6f633          	and	a2,a3,a1
80002d08:	0106f6b3          	and	a3,a3,a6
80002d0c:	00161613          	slli	a2,a2,0x1
80002d10:	0016d693          	srli	a3,a3,0x1
80002d14:	00d666b3          	or	a3,a2,a3
80002d18:	0ff6f613          	zext.b	a2,a3
80002d1c:	00861613          	slli	a2,a2,0x8
80002d20:	0086d693          	srli	a3,a3,0x8
80002d24:	00d66633          	or	a2,a2,a3
80002d28:	00e676b3          	and	a3,a2,a4
80002d2c:	00667eb3          	and	t4,a2,t1
80002d30:	004ede93          	srli	t4,t4,0x4
80002d34:	00f57613          	andi	a2,a0,15
80002d38:	00469693          	slli	a3,a3,0x4
80002d3c:	01d6e6b3          	or	a3,a3,t4
80002d40:	00455513          	srli	a0,a0,0x4
80002d44:	00461613          	slli	a2,a2,0x4
80002d48:	00a66633          	or	a2,a2,a0
80002d4c:	0116feb3          	and	t4,a3,a7
80002d50:	00f6f533          	and	a0,a3,a5
80002d54:	002ede93          	srli	t4,t4,0x2
80002d58:	03367693          	andi	a3,a2,51
80002d5c:	00251513          	slli	a0,a0,0x2
80002d60:	0cc67613          	andi	a2,a2,204
80002d64:	01d56533          	or	a0,a0,t4
80002d68:	00265613          	srli	a2,a2,0x2
80002d6c:	00269693          	slli	a3,a3,0x2
80002d70:	00c6e6b3          	or	a3,a3,a2
80002d74:	00b57633          	and	a2,a0,a1
80002d78:	01057533          	and	a0,a0,a6
80002d7c:	0556ff13          	andi	t5,a3,85
80002d80:	00161613          	slli	a2,a2,0x1
80002d84:	00155513          	srli	a0,a0,0x1
80002d88:	0aa6f693          	andi	a3,a3,170
80002d8c:	00a66eb3          	or	t4,a2,a0
80002d90:	0016d693          	srli	a3,a3,0x1
80002d94:	001f1f13          	slli	t5,t5,0x1
80002d98:	00df6f33          	or	t5,t5,a3
80002d9c:	008ed693          	srli	a3,t4,0x8
80002da0:	01e6c6b3          	xor	a3,a3,t5
80002da4:	00169693          	slli	a3,a3,0x1
80002da8:	01c686b3          	add	a3,a3,t3
80002dac:	0006d683          	lhu	a3,0(a3)
80002db0:	008e9613          	slli	a2,t4,0x8
80002db4:	00c6c633          	xor	a2,a3,a2
80002db8:	01061513          	slli	a0,a2,0x10
80002dbc:	0ff6f693          	zext.b	a3,a3
80002dc0:	01855613          	srli	a2,a0,0x18
80002dc4:	00869693          	slli	a3,a3,0x8
80002dc8:	00c6e6b3          	or	a3,a3,a2
80002dcc:	00e6f733          	and	a4,a3,a4
80002dd0:	0066f6b3          	and	a3,a3,t1
80002dd4:	0046d693          	srli	a3,a3,0x4
80002dd8:	00471713          	slli	a4,a4,0x4
80002ddc:	00d76733          	or	a4,a4,a3
80002de0:	00f777b3          	and	a5,a4,a5
80002de4:	01177733          	and	a4,a4,a7
80002de8:	00275713          	srli	a4,a4,0x2
80002dec:	00279793          	slli	a5,a5,0x2
80002df0:	00e7e7b3          	or	a5,a5,a4
80002df4:	00b7f533          	and	a0,a5,a1
80002df8:	0107f7b3          	and	a5,a5,a6
80002dfc:	0017d793          	srli	a5,a5,0x1
80002e00:	00151513          	slli	a0,a0,0x1
80002e04:	00f56533          	or	a0,a0,a5
80002e08:	00008067          	ret

80002e0c <crcu32>:
80002e0c:	0ff5f793          	zext.b	a5,a1
80002e10:	00879793          	slli	a5,a5,0x8
80002e14:	0085d593          	srli	a1,a1,0x8
80002e18:	00001737          	lui	a4,0x1
80002e1c:	fffff8b7          	lui	a7,0xfffff
80002e20:	0f088893          	addi	a7,a7,240 # fffff0f0 <_end+0x7fff89b0>
80002e24:	f0f70713          	addi	a4,a4,-241 # f0f <_tbss_end+0xecb>
80002e28:	00b7e7b3          	or	a5,a5,a1
80002e2c:	00e7f6b3          	and	a3,a5,a4
80002e30:	0117f7b3          	and	a5,a5,a7
80002e34:	0047d793          	srli	a5,a5,0x4
80002e38:	00469693          	slli	a3,a3,0x4
80002e3c:	00f6e6b3          	or	a3,a3,a5
80002e40:	ffffd837          	lui	a6,0xffffd
80002e44:	000037b7          	lui	a5,0x3
80002e48:	ccc80813          	addi	a6,a6,-820 # ffffcccc <_end+0x7fff658c>
80002e4c:	33378793          	addi	a5,a5,819 # 3333 <_tbss_end+0x32ef>
80002e50:	00f57613          	andi	a2,a0,15
80002e54:	0f057593          	andi	a1,a0,240
80002e58:	00f6f333          	and	t1,a3,a5
80002e5c:	0045d593          	srli	a1,a1,0x4
80002e60:	0106f6b3          	and	a3,a3,a6
80002e64:	00461613          	slli	a2,a2,0x4
80002e68:	00b66633          	or	a2,a2,a1
80002e6c:	0026d693          	srli	a3,a3,0x2
80002e70:	00231313          	slli	t1,t1,0x2
80002e74:	00d36333          	or	t1,t1,a3
80002e78:	03367e13          	andi	t3,a2,51
80002e7c:	000056b7          	lui	a3,0x5
80002e80:	0cc67613          	andi	a2,a2,204
80002e84:	ffffb5b7          	lui	a1,0xffffb
80002e88:	55568693          	addi	a3,a3,1365 # 5555 <_tbss_end+0x5511>
80002e8c:	aaa58593          	addi	a1,a1,-1366 # ffffaaaa <_end+0x7fff436a>
80002e90:	00265e93          	srli	t4,a2,0x2
80002e94:	002e1e13          	slli	t3,t3,0x2
80002e98:	00d37633          	and	a2,t1,a3
80002e9c:	01de6e33          	or	t3,t3,t4
80002ea0:	00b37333          	and	t1,t1,a1
80002ea4:	00161613          	slli	a2,a2,0x1
80002ea8:	00135313          	srli	t1,t1,0x1
80002eac:	055e7f13          	andi	t5,t3,85
80002eb0:	0aae7e13          	andi	t3,t3,170
80002eb4:	00666eb3          	or	t4,a2,t1
80002eb8:	001f1f13          	slli	t5,t5,0x1
80002ebc:	001e5e13          	srli	t3,t3,0x1
80002ec0:	01cf6e33          	or	t3,t5,t3
80002ec4:	008ede93          	srli	t4,t4,0x8
80002ec8:	01ceceb3          	xor	t4,t4,t3
80002ecc:	00666e33          	or	t3,a2,t1
80002ed0:	80006337          	lui	t1,0x80006
80002ed4:	a1030313          	addi	t1,t1,-1520 # 80005a10 <errpat+0x28>
80002ed8:	001e9613          	slli	a2,t4,0x1
80002edc:	00660633          	add	a2,a2,t1
80002ee0:	00065603          	lhu	a2,0(a2)
80002ee4:	008e1e13          	slli	t3,t3,0x8
80002ee8:	00855f13          	srli	t5,a0,0x8
80002eec:	01c64e33          	xor	t3,a2,t3
80002ef0:	010e1e93          	slli	t4,t3,0x10
80002ef4:	0ff67613          	zext.b	a2,a2
80002ef8:	018ede13          	srli	t3,t4,0x18
80002efc:	00861613          	slli	a2,a2,0x8
80002f00:	01c66633          	or	a2,a2,t3
80002f04:	00e67e33          	and	t3,a2,a4
80002f08:	01167633          	and	a2,a2,a7
80002f0c:	00465613          	srli	a2,a2,0x4
80002f10:	004e1e13          	slli	t3,t3,0x4
80002f14:	00ce6e33          	or	t3,t3,a2
80002f18:	00fe7633          	and	a2,t3,a5
80002f1c:	010e7e33          	and	t3,t3,a6
80002f20:	002e5e13          	srli	t3,t3,0x2
80002f24:	00261613          	slli	a2,a2,0x2
80002f28:	01c66633          	or	a2,a2,t3
80002f2c:	00d67e33          	and	t3,a2,a3
80002f30:	00b67633          	and	a2,a2,a1
80002f34:	00165613          	srli	a2,a2,0x1
80002f38:	001e1e13          	slli	t3,t3,0x1
80002f3c:	00ce6e33          	or	t3,t3,a2
80002f40:	0ffe7613          	zext.b	a2,t3
80002f44:	00861613          	slli	a2,a2,0x8
80002f48:	008e5e13          	srli	t3,t3,0x8
80002f4c:	01c66633          	or	a2,a2,t3
80002f50:	00e67eb3          	and	t4,a2,a4
80002f54:	01167633          	and	a2,a2,a7
80002f58:	00465613          	srli	a2,a2,0x4
80002f5c:	004e9e93          	slli	t4,t4,0x4
80002f60:	00ceeeb3          	or	t4,t4,a2
80002f64:	00ff7613          	andi	a2,t5,15
80002f68:	0f0f7f13          	andi	t5,t5,240
80002f6c:	00fefe33          	and	t3,t4,a5
80002f70:	004f5f13          	srli	t5,t5,0x4
80002f74:	010efeb3          	and	t4,t4,a6
80002f78:	00461613          	slli	a2,a2,0x4
80002f7c:	01e66633          	or	a2,a2,t5
80002f80:	002ede93          	srli	t4,t4,0x2
80002f84:	002e1e13          	slli	t3,t3,0x2
80002f88:	01de6e33          	or	t3,t3,t4
80002f8c:	03367e93          	andi	t4,a2,51
80002f90:	0cc67613          	andi	a2,a2,204
80002f94:	00265f13          	srli	t5,a2,0x2
80002f98:	002e9e93          	slli	t4,t4,0x2
80002f9c:	00de7633          	and	a2,t3,a3
80002fa0:	01eeeeb3          	or	t4,t4,t5
80002fa4:	00be7e33          	and	t3,t3,a1
80002fa8:	00161613          	slli	a2,a2,0x1
80002fac:	001e5e13          	srli	t3,t3,0x1
80002fb0:	055eff93          	andi	t6,t4,85
80002fb4:	0aaefe93          	andi	t4,t4,170
80002fb8:	01c66f33          	or	t5,a2,t3
80002fbc:	001f9f93          	slli	t6,t6,0x1
80002fc0:	001ede93          	srli	t4,t4,0x1
80002fc4:	008f5f13          	srli	t5,t5,0x8
80002fc8:	01dfeeb3          	or	t4,t6,t4
80002fcc:	01df4eb3          	xor	t4,t5,t4
80002fd0:	01c66e33          	or	t3,a2,t3
80002fd4:	001e9613          	slli	a2,t4,0x1
80002fd8:	00660633          	add	a2,a2,t1
80002fdc:	00065603          	lhu	a2,0(a2)
80002fe0:	008e1e13          	slli	t3,t3,0x8
80002fe4:	01055e93          	srli	t4,a0,0x10
80002fe8:	01c64e33          	xor	t3,a2,t3
80002fec:	010e1f13          	slli	t5,t3,0x10
80002ff0:	0ff67613          	zext.b	a2,a2
80002ff4:	018f5e13          	srli	t3,t5,0x18
80002ff8:	00861613          	slli	a2,a2,0x8
80002ffc:	01c66633          	or	a2,a2,t3
80003000:	00e67e33          	and	t3,a2,a4
80003004:	01167633          	and	a2,a2,a7
80003008:	00465613          	srli	a2,a2,0x4
8000300c:	004e1e13          	slli	t3,t3,0x4
80003010:	00ce6e33          	or	t3,t3,a2
80003014:	00fe7633          	and	a2,t3,a5
80003018:	010e7e33          	and	t3,t3,a6
8000301c:	002e5e13          	srli	t3,t3,0x2
80003020:	00261613          	slli	a2,a2,0x2
80003024:	01c66633          	or	a2,a2,t3
80003028:	00d67e33          	and	t3,a2,a3
8000302c:	00b67633          	and	a2,a2,a1
80003030:	001e1e13          	slli	t3,t3,0x1
80003034:	00165613          	srli	a2,a2,0x1
80003038:	00ce6633          	or	a2,t3,a2
8000303c:	0ff67e13          	zext.b	t3,a2
80003040:	008e1e13          	slli	t3,t3,0x8
80003044:	00865613          	srli	a2,a2,0x8
80003048:	00ce6e33          	or	t3,t3,a2
8000304c:	00ee7633          	and	a2,t3,a4
80003050:	011e7e33          	and	t3,t3,a7
80003054:	004e5e13          	srli	t3,t3,0x4
80003058:	00461613          	slli	a2,a2,0x4
8000305c:	01c66633          	or	a2,a2,t3
80003060:	00fefe13          	andi	t3,t4,15
80003064:	0f0efe93          	andi	t4,t4,240
80003068:	004edf13          	srli	t5,t4,0x4
8000306c:	004e1e13          	slli	t3,t3,0x4
80003070:	00f67eb3          	and	t4,a2,a5
80003074:	01067633          	and	a2,a2,a6
80003078:	01ee6e33          	or	t3,t3,t5
8000307c:	00265613          	srli	a2,a2,0x2
80003080:	002e9e93          	slli	t4,t4,0x2
80003084:	00ceeeb3          	or	t4,t4,a2
80003088:	033e7613          	andi	a2,t3,51
8000308c:	0cce7e13          	andi	t3,t3,204
80003090:	002e5f13          	srli	t5,t3,0x2
80003094:	00261613          	slli	a2,a2,0x2
80003098:	00defe33          	and	t3,t4,a3
8000309c:	01e66633          	or	a2,a2,t5
800030a0:	00befeb3          	and	t4,t4,a1
800030a4:	001ede93          	srli	t4,t4,0x1
800030a8:	001e1e13          	slli	t3,t3,0x1
800030ac:	05567f93          	andi	t6,a2,85
800030b0:	0aa67613          	andi	a2,a2,170
800030b4:	01de6f33          	or	t5,t3,t4
800030b8:	001f9f93          	slli	t6,t6,0x1
800030bc:	00165613          	srli	a2,a2,0x1
800030c0:	008f5f13          	srli	t5,t5,0x8
800030c4:	00cfe633          	or	a2,t6,a2
800030c8:	00cf4633          	xor	a2,t5,a2
800030cc:	00161613          	slli	a2,a2,0x1
800030d0:	00660633          	add	a2,a2,t1
800030d4:	00065603          	lhu	a2,0(a2)
800030d8:	01de6e33          	or	t3,t3,t4
800030dc:	008e1e13          	slli	t3,t3,0x8
800030e0:	01c64e33          	xor	t3,a2,t3
800030e4:	010e1e93          	slli	t4,t3,0x10
800030e8:	0ff67613          	zext.b	a2,a2
800030ec:	018ede13          	srli	t3,t4,0x18
800030f0:	00861613          	slli	a2,a2,0x8
800030f4:	01c66633          	or	a2,a2,t3
800030f8:	00e67e33          	and	t3,a2,a4
800030fc:	01167633          	and	a2,a2,a7
80003100:	00465613          	srli	a2,a2,0x4
80003104:	004e1e13          	slli	t3,t3,0x4
80003108:	00ce6e33          	or	t3,t3,a2
8000310c:	00fe7633          	and	a2,t3,a5
80003110:	010e7e33          	and	t3,t3,a6
80003114:	002e5e13          	srli	t3,t3,0x2
80003118:	00261613          	slli	a2,a2,0x2
8000311c:	01c66633          	or	a2,a2,t3
80003120:	00d67e33          	and	t3,a2,a3
80003124:	00b67633          	and	a2,a2,a1
80003128:	00165613          	srli	a2,a2,0x1
8000312c:	001e1e13          	slli	t3,t3,0x1
80003130:	00ce6e33          	or	t3,t3,a2
80003134:	0ffe7613          	zext.b	a2,t3
80003138:	00861613          	slli	a2,a2,0x8
8000313c:	008e5e13          	srli	t3,t3,0x8
80003140:	01c66633          	or	a2,a2,t3
80003144:	00e67eb3          	and	t4,a2,a4
80003148:	01167e33          	and	t3,a2,a7
8000314c:	01855513          	srli	a0,a0,0x18
80003150:	00f57613          	andi	a2,a0,15
80003154:	004e5e13          	srli	t3,t3,0x4
80003158:	004e9e93          	slli	t4,t4,0x4
8000315c:	00461613          	slli	a2,a2,0x4
80003160:	01ceeeb3          	or	t4,t4,t3
80003164:	00455513          	srli	a0,a0,0x4
80003168:	00fefe33          	and	t3,t4,a5
8000316c:	00a66533          	or	a0,a2,a0
80003170:	010efeb3          	and	t4,t4,a6
80003174:	03357613          	andi	a2,a0,51
80003178:	002ede93          	srli	t4,t4,0x2
8000317c:	0cc57513          	andi	a0,a0,204
80003180:	002e1e13          	slli	t3,t3,0x2
80003184:	01de6e33          	or	t3,t3,t4
80003188:	00255513          	srli	a0,a0,0x2
8000318c:	00261613          	slli	a2,a2,0x2
80003190:	00a66633          	or	a2,a2,a0
80003194:	00de7533          	and	a0,t3,a3
80003198:	00be7e33          	and	t3,t3,a1
8000319c:	05567f13          	andi	t5,a2,85
800031a0:	00151513          	slli	a0,a0,0x1
800031a4:	001e5e13          	srli	t3,t3,0x1
800031a8:	0aa67613          	andi	a2,a2,170
800031ac:	01c56eb3          	or	t4,a0,t3
800031b0:	00165613          	srli	a2,a2,0x1
800031b4:	001f1f13          	slli	t5,t5,0x1
800031b8:	00cf6f33          	or	t5,t5,a2
800031bc:	008ed613          	srli	a2,t4,0x8
800031c0:	01e64633          	xor	a2,a2,t5
800031c4:	00161613          	slli	a2,a2,0x1
800031c8:	00660633          	add	a2,a2,t1
800031cc:	00065603          	lhu	a2,0(a2)
800031d0:	008e9513          	slli	a0,t4,0x8
800031d4:	00a64533          	xor	a0,a2,a0
800031d8:	01051313          	slli	t1,a0,0x10
800031dc:	0ff67613          	zext.b	a2,a2
800031e0:	01835513          	srli	a0,t1,0x18
800031e4:	00861613          	slli	a2,a2,0x8
800031e8:	00a66633          	or	a2,a2,a0
800031ec:	00e67733          	and	a4,a2,a4
800031f0:	01167633          	and	a2,a2,a7
800031f4:	00465613          	srli	a2,a2,0x4
800031f8:	00471713          	slli	a4,a4,0x4
800031fc:	00c76733          	or	a4,a4,a2
80003200:	00f777b3          	and	a5,a4,a5
80003204:	01077733          	and	a4,a4,a6
80003208:	00275713          	srli	a4,a4,0x2
8000320c:	00279793          	slli	a5,a5,0x2
80003210:	00e7e7b3          	or	a5,a5,a4
80003214:	00d7f533          	and	a0,a5,a3
80003218:	00b7f7b3          	and	a5,a5,a1
8000321c:	0017d793          	srli	a5,a5,0x1
80003220:	00151513          	slli	a0,a0,0x1
80003224:	00f56533          	or	a0,a0,a5
80003228:	00008067          	ret

8000322c <crc16>:
8000322c:	0ff5f793          	zext.b	a5,a1
80003230:	00879793          	slli	a5,a5,0x8
80003234:	0085d593          	srli	a1,a1,0x8
80003238:	00001737          	lui	a4,0x1
8000323c:	fffff337          	lui	t1,0xfffff
80003240:	0f030313          	addi	t1,t1,240 # fffff0f0 <_end+0x7fff89b0>
80003244:	f0f70713          	addi	a4,a4,-241 # f0f <_tbss_end+0xecb>
80003248:	00b7e7b3          	or	a5,a5,a1
8000324c:	00e7f5b3          	and	a1,a5,a4
80003250:	0067f7b3          	and	a5,a5,t1
80003254:	0047d793          	srli	a5,a5,0x4
80003258:	00459593          	slli	a1,a1,0x4
8000325c:	00f5e5b3          	or	a1,a1,a5
80003260:	ffffd8b7          	lui	a7,0xffffd
80003264:	000037b7          	lui	a5,0x3
80003268:	ccc88893          	addi	a7,a7,-820 # ffffcccc <_end+0x7fff658c>
8000326c:	33378793          	addi	a5,a5,819 # 3333 <_tbss_end+0x32ef>
80003270:	00f57693          	andi	a3,a0,15
80003274:	0f057813          	andi	a6,a0,240
80003278:	00f5f633          	and	a2,a1,a5
8000327c:	00485813          	srli	a6,a6,0x4
80003280:	0115f5b3          	and	a1,a1,a7
80003284:	00469693          	slli	a3,a3,0x4
80003288:	0106e6b3          	or	a3,a3,a6
8000328c:	0025d593          	srli	a1,a1,0x2
80003290:	00261613          	slli	a2,a2,0x2
80003294:	00b66633          	or	a2,a2,a1
80003298:	0336fe13          	andi	t3,a3,51
8000329c:	000055b7          	lui	a1,0x5
800032a0:	0cc6f693          	andi	a3,a3,204
800032a4:	ffffb837          	lui	a6,0xffffb
800032a8:	55558593          	addi	a1,a1,1365 # 5555 <_tbss_end+0x5511>
800032ac:	aaa80813          	addi	a6,a6,-1366 # ffffaaaa <_end+0x7fff436a>
800032b0:	0026de93          	srli	t4,a3,0x2
800032b4:	002e1e13          	slli	t3,t3,0x2
800032b8:	00b676b3          	and	a3,a2,a1
800032bc:	01de6e33          	or	t3,t3,t4
800032c0:	01067633          	and	a2,a2,a6
800032c4:	00169693          	slli	a3,a3,0x1
800032c8:	00165613          	srli	a2,a2,0x1
800032cc:	055e7f13          	andi	t5,t3,85
800032d0:	0aae7e13          	andi	t3,t3,170
800032d4:	00c6eeb3          	or	t4,a3,a2
800032d8:	001f1f13          	slli	t5,t5,0x1
800032dc:	001e5e13          	srli	t3,t3,0x1
800032e0:	01cf6e33          	or	t3,t5,t3
800032e4:	008ede93          	srli	t4,t4,0x8
800032e8:	01ceceb3          	xor	t4,t4,t3
800032ec:	80006e37          	lui	t3,0x80006
800032f0:	a10e0e13          	addi	t3,t3,-1520 # 80005a10 <errpat+0x28>
800032f4:	00c6e633          	or	a2,a3,a2
800032f8:	001e9693          	slli	a3,t4,0x1
800032fc:	01c686b3          	add	a3,a3,t3
80003300:	0006d683          	lhu	a3,0(a3)
80003304:	00861613          	slli	a2,a2,0x8
80003308:	00855513          	srli	a0,a0,0x8
8000330c:	00c6c633          	xor	a2,a3,a2
80003310:	01061e93          	slli	t4,a2,0x10
80003314:	0ff6f693          	zext.b	a3,a3
80003318:	018ed613          	srli	a2,t4,0x18
8000331c:	00869693          	slli	a3,a3,0x8
80003320:	00c6e6b3          	or	a3,a3,a2
80003324:	00e6f633          	and	a2,a3,a4
80003328:	0066f6b3          	and	a3,a3,t1
8000332c:	0046d693          	srli	a3,a3,0x4
80003330:	00461613          	slli	a2,a2,0x4
80003334:	00d66633          	or	a2,a2,a3
80003338:	00f676b3          	and	a3,a2,a5
8000333c:	01167633          	and	a2,a2,a7
80003340:	00265613          	srli	a2,a2,0x2
80003344:	00269693          	slli	a3,a3,0x2
80003348:	00c6e6b3          	or	a3,a3,a2
8000334c:	00b6f633          	and	a2,a3,a1
80003350:	0106f6b3          	and	a3,a3,a6
80003354:	00161613          	slli	a2,a2,0x1
80003358:	0016d693          	srli	a3,a3,0x1
8000335c:	00d666b3          	or	a3,a2,a3
80003360:	0ff6f613          	zext.b	a2,a3
80003364:	00861613          	slli	a2,a2,0x8
80003368:	0086d693          	srli	a3,a3,0x8
8000336c:	00d66633          	or	a2,a2,a3
80003370:	00e676b3          	and	a3,a2,a4
80003374:	00667eb3          	and	t4,a2,t1
80003378:	004ede93          	srli	t4,t4,0x4
8000337c:	00f57613          	andi	a2,a0,15
80003380:	00469693          	slli	a3,a3,0x4
80003384:	0f057513          	andi	a0,a0,240
80003388:	01d6e6b3          	or	a3,a3,t4
8000338c:	00455513          	srli	a0,a0,0x4
80003390:	00461613          	slli	a2,a2,0x4
80003394:	00a66633          	or	a2,a2,a0
80003398:	0116feb3          	and	t4,a3,a7
8000339c:	00f6f533          	and	a0,a3,a5
800033a0:	002ede93          	srli	t4,t4,0x2
800033a4:	03367693          	andi	a3,a2,51
800033a8:	00251513          	slli	a0,a0,0x2
800033ac:	0cc67613          	andi	a2,a2,204
800033b0:	01d56533          	or	a0,a0,t4
800033b4:	00265613          	srli	a2,a2,0x2
800033b8:	00269693          	slli	a3,a3,0x2
800033bc:	00c6e6b3          	or	a3,a3,a2
800033c0:	00b57633          	and	a2,a0,a1
800033c4:	01057533          	and	a0,a0,a6
800033c8:	0556ff13          	andi	t5,a3,85
800033cc:	00161613          	slli	a2,a2,0x1
800033d0:	00155513          	srli	a0,a0,0x1
800033d4:	0aa6f693          	andi	a3,a3,170
800033d8:	00a66eb3          	or	t4,a2,a0
800033dc:	0016d693          	srli	a3,a3,0x1
800033e0:	001f1f13          	slli	t5,t5,0x1
800033e4:	00df6f33          	or	t5,t5,a3
800033e8:	008ed693          	srli	a3,t4,0x8
800033ec:	01e6c6b3          	xor	a3,a3,t5
800033f0:	00169693          	slli	a3,a3,0x1
800033f4:	01c686b3          	add	a3,a3,t3
800033f8:	0006d683          	lhu	a3,0(a3)
800033fc:	008e9613          	slli	a2,t4,0x8
80003400:	00c6c633          	xor	a2,a3,a2
80003404:	01061513          	slli	a0,a2,0x10
80003408:	0ff6f693          	zext.b	a3,a3
8000340c:	01855613          	srli	a2,a0,0x18
80003410:	00869693          	slli	a3,a3,0x8
80003414:	00c6e6b3          	or	a3,a3,a2
80003418:	00e6f733          	and	a4,a3,a4
8000341c:	0066f6b3          	and	a3,a3,t1
80003420:	0046d693          	srli	a3,a3,0x4
80003424:	00471713          	slli	a4,a4,0x4
80003428:	00d76733          	or	a4,a4,a3
8000342c:	00f777b3          	and	a5,a4,a5
80003430:	01177733          	and	a4,a4,a7
80003434:	00275713          	srli	a4,a4,0x2
80003438:	00279793          	slli	a5,a5,0x2
8000343c:	00e7e7b3          	or	a5,a5,a4
80003440:	00b7f533          	and	a0,a5,a1
80003444:	0107f7b3          	and	a5,a5,a6
80003448:	0017d793          	srli	a5,a5,0x1
8000344c:	00151513          	slli	a0,a0,0x1
80003450:	00f56533          	or	a0,a0,a5
80003454:	00008067          	ret

80003458 <check_data_types>:
80003458:	00000513          	li	a0,0
8000345c:	00008067          	ret

80003460 <portable_malloc>:
80003460:	00000513          	li	a0,0
80003464:	00008067          	ret

80003468 <portable_free>:
80003468:	00008067          	ret

8000346c <start_time>:
8000346c:	c0002773          	rdcycle	a4
80003470:	800067b7          	lui	a5,0x80006
80003474:	f4e7a623          	sw	a4,-180(a5) # 80005f4c <start_time_val>
80003478:	00008067          	ret

8000347c <stop_time>:
8000347c:	c0002773          	rdcycle	a4
80003480:	800067b7          	lui	a5,0x80006
80003484:	f4e7a423          	sw	a4,-184(a5) # 80005f48 <stop_time_val>
80003488:	00008067          	ret

8000348c <get_time>:
8000348c:	80006737          	lui	a4,0x80006
80003490:	800067b7          	lui	a5,0x80006
80003494:	f4872503          	lw	a0,-184(a4) # 80005f48 <stop_time_val>
80003498:	f4c7a783          	lw	a5,-180(a5) # 80005f4c <start_time_val>
8000349c:	40f50533          	sub	a0,a0,a5
800034a0:	00008067          	ret

800034a4 <time_in_secs>:
800034a4:	3b9ad5b7          	lui	a1,0x3b9ad
800034a8:	ff010113          	addi	sp,sp,-16
800034ac:	a0058593          	addi	a1,a1,-1536 # 3b9aca00 <_tbss_end+0x3b9ac9bc>
800034b0:	00112623          	sw	ra,12(sp)
800034b4:	6e0010ef          	jal	80004b94 <__hidden___udivsi3>
800034b8:	00c12083          	lw	ra,12(sp)
800034bc:	01010113          	addi	sp,sp,16
800034c0:	00008067          	ret

800034c4 <portable_init>:
800034c4:	00100793          	li	a5,1
800034c8:	00f50023          	sb	a5,0(a0)
800034cc:	00008067          	ret

800034d0 <portable_fini>:
800034d0:	00050023          	sb	zero,0(a0)
800034d4:	00008067          	ret

800034d8 <vprintfmt>:
800034d8:	800067b7          	lui	a5,0x80006
800034dc:	eb010113          	addi	sp,sp,-336
800034e0:	c1078793          	addi	a5,a5,-1008 # 80005c10 <errpat+0x228>
800034e4:	14812423          	sw	s0,328(sp)
800034e8:	14912223          	sw	s1,324(sp)
800034ec:	15212023          	sw	s2,320(sp)
800034f0:	13512a23          	sw	s5,308(sp)
800034f4:	14112623          	sw	ra,332(sp)
800034f8:	13312e23          	sw	s3,316(sp)
800034fc:	13412c23          	sw	s4,312(sp)
80003500:	13712623          	sw	s7,300(sp)
80003504:	13812423          	sw	s8,296(sp)
80003508:	13912223          	sw	s9,292(sp)
8000350c:	13a12023          	sw	s10,288(sp)
80003510:	00050493          	mv	s1,a0
80003514:	00060413          	mv	s0,a2
80003518:	00d12423          	sw	a3,8(sp)
8000351c:	00058913          	mv	s2,a1
80003520:	00f12623          	sw	a5,12(sp)
80003524:	02500a93          	li	s5,37
80003528:	0140006f          	j	8000353c <vprintfmt+0x64>
8000352c:	06050063          	beqz	a0,8000358c <vprintfmt+0xb4>
80003530:	00090593          	mv	a1,s2
80003534:	00140413          	addi	s0,s0,1
80003538:	000480e7          	jalr	s1
8000353c:	00044503          	lbu	a0,0(s0)
80003540:	ff5516e3          	bne	a0,s5,8000352c <vprintfmt+0x54>
80003544:	00144683          	lbu	a3,1(s0)
80003548:	00140a13          	addi	s4,s0,1
8000354c:	fff00993          	li	s3,-1
80003550:	02000793          	li	a5,32
80003554:	000a0713          	mv	a4,s4
80003558:	00098c13          	mv	s8,s3
8000355c:	00f12223          	sw	a5,4(sp)
80003560:	00000593          	li	a1,0
80003564:	fdd68793          	addi	a5,a3,-35
80003568:	0ff7f793          	zext.b	a5,a5
8000356c:	05500613          	li	a2,85
80003570:	00170413          	addi	s0,a4,1
80003574:	06f66663          	bltu	a2,a5,800035e0 <vprintfmt+0x108>
80003578:	00c12603          	lw	a2,12(sp)
8000357c:	00279793          	slli	a5,a5,0x2
80003580:	00c787b3          	add	a5,a5,a2
80003584:	0007a783          	lw	a5,0(a5)
80003588:	00078067          	jr	a5
8000358c:	14c12083          	lw	ra,332(sp)
80003590:	14812403          	lw	s0,328(sp)
80003594:	14412483          	lw	s1,324(sp)
80003598:	14012903          	lw	s2,320(sp)
8000359c:	13c12983          	lw	s3,316(sp)
800035a0:	13812a03          	lw	s4,312(sp)
800035a4:	13412a83          	lw	s5,308(sp)
800035a8:	12c12b83          	lw	s7,300(sp)
800035ac:	12812c03          	lw	s8,296(sp)
800035b0:	12412c83          	lw	s9,292(sp)
800035b4:	12012d03          	lw	s10,288(sp)
800035b8:	15010113          	addi	sp,sp,336
800035bc:	00008067          	ret
800035c0:	00d12223          	sw	a3,4(sp)
800035c4:	00174683          	lbu	a3,1(a4)
800035c8:	05500613          	li	a2,85
800035cc:	00040713          	mv	a4,s0
800035d0:	fdd68793          	addi	a5,a3,-35
800035d4:	0ff7f793          	zext.b	a5,a5
800035d8:	00170413          	addi	s0,a4,1
800035dc:	f8f67ee3          	bgeu	a2,a5,80003578 <vprintfmt+0xa0>
800035e0:	00090593          	mv	a1,s2
800035e4:	02500513          	li	a0,37
800035e8:	000480e7          	jalr	s1
800035ec:	000a0413          	mv	s0,s4
800035f0:	f4dff06f          	j	8000353c <vprintfmt+0x64>
800035f4:	fd068993          	addi	s3,a3,-48
800035f8:	00174683          	lbu	a3,1(a4)
800035fc:	00900513          	li	a0,9
80003600:	fd068793          	addi	a5,a3,-48
80003604:	38f56e63          	bltu	a0,a5,800039a0 <vprintfmt+0x4c8>
80003608:	00068613          	mv	a2,a3
8000360c:	00040713          	mv	a4,s0
80003610:	00299793          	slli	a5,s3,0x2
80003614:	013787b3          	add	a5,a5,s3
80003618:	00170713          	addi	a4,a4,1
8000361c:	00179793          	slli	a5,a5,0x1
80003620:	00c787b3          	add	a5,a5,a2
80003624:	00074603          	lbu	a2,0(a4)
80003628:	fd078993          	addi	s3,a5,-48
8000362c:	fd060793          	addi	a5,a2,-48
80003630:	00060693          	mv	a3,a2
80003634:	fcf57ee3          	bgeu	a0,a5,80003610 <vprintfmt+0x138>
80003638:	f20c56e3          	bgez	s8,80003564 <vprintfmt+0x8c>
8000363c:	00098c13          	mv	s8,s3
80003640:	fff00993          	li	s3,-1
80003644:	f21ff06f          	j	80003564 <vprintfmt+0x8c>
80003648:	13612823          	sw	s6,304(sp)
8000364c:	01000b93          	li	s7,16
80003650:	00000d13          	li	s10,0
80003654:	00100793          	li	a5,1
80003658:	26b7c263          	blt	a5,a1,800038bc <vprintfmt+0x3e4>
8000365c:	00812783          	lw	a5,8(sp)
80003660:	00000c93          	li	s9,0
80003664:	0007a983          	lw	s3,0(a5)
80003668:	00478793          	addi	a5,a5,4
8000366c:	00f12423          	sw	a5,8(sp)
80003670:	000b8613          	mv	a2,s7
80003674:	00000693          	li	a3,0
80003678:	00098513          	mv	a0,s3
8000367c:	000c8593          	mv	a1,s9
80003680:	751000ef          	jal	800045d0 <__umoddi3>
80003684:	00a12823          	sw	a0,16(sp)
80003688:	259d0a63          	beq	s10,s9,800038dc <vprintfmt+0x404>
8000368c:	11b12e23          	sw	s11,284(sp)
80003690:	00100b13          	li	s6,1
80003694:	01410d93          	addi	s11,sp,20
80003698:	00098513          	mv	a0,s3
8000369c:	000c8593          	mv	a1,s9
800036a0:	000b8613          	mv	a2,s7
800036a4:	00000693          	li	a3,0
800036a8:	175000ef          	jal	8000401c <__udivdi3>
800036ac:	000b8613          	mv	a2,s7
800036b0:	00000693          	li	a3,0
800036b4:	00050993          	mv	s3,a0
800036b8:	00058c93          	mv	s9,a1
800036bc:	715000ef          	jal	800045d0 <__umoddi3>
800036c0:	00ada023          	sw	a0,0(s11)
800036c4:	000b0a13          	mv	s4,s6
800036c8:	004d8d93          	addi	s11,s11,4
800036cc:	001b0b13          	addi	s6,s6,1
800036d0:	fd9d14e3          	bne	s10,s9,80003698 <vprintfmt+0x1c0>
800036d4:	fd79f2e3          	bgeu	s3,s7,80003698 <vprintfmt+0x1c0>
800036d8:	11c12d83          	lw	s11,284(sp)
800036dc:	fffc0b93          	addi	s7,s8,-1
800036e0:	fffb0993          	addi	s3,s6,-1
800036e4:	018b5c63          	bge	s6,s8,800036fc <vprintfmt+0x224>
800036e8:	00412503          	lw	a0,4(sp)
800036ec:	00090593          	mv	a1,s2
800036f0:	fffb8b93          	addi	s7,s7,-1
800036f4:	000480e7          	jalr	s1
800036f8:	ff3b98e3          	bne	s7,s3,800036e8 <vprintfmt+0x210>
800036fc:	002a1a13          	slli	s4,s4,0x2
80003700:	01010993          	addi	s3,sp,16
80003704:	013a0a33          	add	s4,s4,s3
80003708:	00900b13          	li	s6,9
8000370c:	0080006f          	j	80003714 <vprintfmt+0x23c>
80003710:	ffca0a13          	addi	s4,s4,-4
80003714:	000a2783          	lw	a5,0(s4)
80003718:	03000513          	li	a0,48
8000371c:	00fb7463          	bgeu	s6,a5,80003724 <vprintfmt+0x24c>
80003720:	05700513          	li	a0,87
80003724:	00a78533          	add	a0,a5,a0
80003728:	00090593          	mv	a1,s2
8000372c:	000480e7          	jalr	s1
80003730:	ff4990e3          	bne	s3,s4,80003710 <vprintfmt+0x238>
80003734:	13012b03          	lw	s6,304(sp)
80003738:	e05ff06f          	j	8000353c <vprintfmt+0x64>
8000373c:	00812783          	lw	a5,8(sp)
80003740:	01802733          	sgtz	a4,s8
80003744:	11b12e23          	sw	s11,284(sp)
80003748:	0007aa03          	lw	s4,0(a5)
8000374c:	00412783          	lw	a5,4(sp)
80003750:	fd378793          	addi	a5,a5,-45
80003754:	00f037b3          	snez	a5,a5
80003758:	00f77733          	and	a4,a4,a5
8000375c:	00812783          	lw	a5,8(sp)
80003760:	00478d93          	addi	s11,a5,4
80003764:	1c0a0463          	beqz	s4,8000392c <vprintfmt+0x454>
80003768:	1e071463          	bnez	a4,80003950 <vprintfmt+0x478>
8000376c:	000a4503          	lbu	a0,0(s4)
80003770:	02050a63          	beqz	a0,800037a4 <vprintfmt+0x2cc>
80003774:	13612823          	sw	s6,304(sp)
80003778:	fff00b13          	li	s6,-1
8000377c:	0009c663          	bltz	s3,80003788 <vprintfmt+0x2b0>
80003780:	fff98993          	addi	s3,s3,-1
80003784:	01698e63          	beq	s3,s6,800037a0 <vprintfmt+0x2c8>
80003788:	00090593          	mv	a1,s2
8000378c:	000480e7          	jalr	s1
80003790:	001a4503          	lbu	a0,1(s4)
80003794:	001a0a13          	addi	s4,s4,1
80003798:	fffc0c13          	addi	s8,s8,-1
8000379c:	fe0510e3          	bnez	a0,8000377c <vprintfmt+0x2a4>
800037a0:	13012b03          	lw	s6,304(sp)
800037a4:	01805c63          	blez	s8,800037bc <vprintfmt+0x2e4>
800037a8:	00090593          	mv	a1,s2
800037ac:	02000513          	li	a0,32
800037b0:	fffc0c13          	addi	s8,s8,-1
800037b4:	000480e7          	jalr	s1
800037b8:	fe0c18e3          	bnez	s8,800037a8 <vprintfmt+0x2d0>
800037bc:	01b12423          	sw	s11,8(sp)
800037c0:	11c12d83          	lw	s11,284(sp)
800037c4:	d79ff06f          	j	8000353c <vprintfmt+0x64>
800037c8:	fffc4793          	not	a5,s8
800037cc:	41f7d793          	srai	a5,a5,0x1f
800037d0:	00174683          	lbu	a3,1(a4)
800037d4:	00fc7c33          	and	s8,s8,a5
800037d8:	00040713          	mv	a4,s0
800037dc:	d89ff06f          	j	80003564 <vprintfmt+0x8c>
800037e0:	00174683          	lbu	a3,1(a4)
800037e4:	00040713          	mv	a4,s0
800037e8:	d7dff06f          	j	80003564 <vprintfmt+0x8c>
800037ec:	00090593          	mv	a1,s2
800037f0:	02500513          	li	a0,37
800037f4:	000480e7          	jalr	s1
800037f8:	d45ff06f          	j	8000353c <vprintfmt+0x64>
800037fc:	00812783          	lw	a5,8(sp)
80003800:	00174683          	lbu	a3,1(a4)
80003804:	00040713          	mv	a4,s0
80003808:	0007a983          	lw	s3,0(a5)
8000380c:	00478793          	addi	a5,a5,4
80003810:	00f12423          	sw	a5,8(sp)
80003814:	e25ff06f          	j	80003638 <vprintfmt+0x160>
80003818:	00812783          	lw	a5,8(sp)
8000381c:	00090593          	mv	a1,s2
80003820:	0007a503          	lw	a0,0(a5)
80003824:	000480e7          	jalr	s1
80003828:	00812783          	lw	a5,8(sp)
8000382c:	00478793          	addi	a5,a5,4
80003830:	00f12423          	sw	a5,8(sp)
80003834:	d09ff06f          	j	8000353c <vprintfmt+0x64>
80003838:	13612823          	sw	s6,304(sp)
8000383c:	00100793          	li	a5,1
80003840:	0ab7c663          	blt	a5,a1,800038ec <vprintfmt+0x414>
80003844:	00812783          	lw	a5,8(sp)
80003848:	0007a983          	lw	s3,0(a5)
8000384c:	00478793          	addi	a5,a5,4
80003850:	00f12423          	sw	a5,8(sp)
80003854:	41f9dc93          	srai	s9,s3,0x1f
80003858:	020cd063          	bgez	s9,80003878 <vprintfmt+0x3a0>
8000385c:	00090593          	mv	a1,s2
80003860:	02d00513          	li	a0,45
80003864:	000480e7          	jalr	s1
80003868:	01303733          	snez	a4,s3
8000386c:	419007b3          	neg	a5,s9
80003870:	40e78cb3          	sub	s9,a5,a4
80003874:	413009b3          	neg	s3,s3
80003878:	00a00b93          	li	s7,10
8000387c:	00000d13          	li	s10,0
80003880:	df1ff06f          	j	80003670 <vprintfmt+0x198>
80003884:	00174683          	lbu	a3,1(a4)
80003888:	00158593          	addi	a1,a1,1
8000388c:	00040713          	mv	a4,s0
80003890:	cd5ff06f          	j	80003564 <vprintfmt+0x8c>
80003894:	00090593          	mv	a1,s2
80003898:	03000513          	li	a0,48
8000389c:	13612823          	sw	s6,304(sp)
800038a0:	000480e7          	jalr	s1
800038a4:	00090593          	mv	a1,s2
800038a8:	07800513          	li	a0,120
800038ac:	000480e7          	jalr	s1
800038b0:	01000b93          	li	s7,16
800038b4:	00000d13          	li	s10,0
800038b8:	da5ff06f          	j	8000365c <vprintfmt+0x184>
800038bc:	00812783          	lw	a5,8(sp)
800038c0:	00778793          	addi	a5,a5,7
800038c4:	ff87f793          	andi	a5,a5,-8
800038c8:	00878713          	addi	a4,a5,8
800038cc:	0007a983          	lw	s3,0(a5)
800038d0:	0047ac83          	lw	s9,4(a5)
800038d4:	00e12423          	sw	a4,8(sp)
800038d8:	d99ff06f          	j	80003670 <vprintfmt+0x198>
800038dc:	db79f8e3          	bgeu	s3,s7,8000368c <vprintfmt+0x1b4>
800038e0:	00000a13          	li	s4,0
800038e4:	00100b13          	li	s6,1
800038e8:	df5ff06f          	j	800036dc <vprintfmt+0x204>
800038ec:	00812783          	lw	a5,8(sp)
800038f0:	00778793          	addi	a5,a5,7
800038f4:	ff87f793          	andi	a5,a5,-8
800038f8:	00878713          	addi	a4,a5,8
800038fc:	0007a983          	lw	s3,0(a5)
80003900:	0047ac83          	lw	s9,4(a5)
80003904:	00e12423          	sw	a4,8(sp)
80003908:	f51ff06f          	j	80003858 <vprintfmt+0x380>
8000390c:	13612823          	sw	s6,304(sp)
80003910:	00a00b93          	li	s7,10
80003914:	00000d13          	li	s10,0
80003918:	d3dff06f          	j	80003654 <vprintfmt+0x17c>
8000391c:	13612823          	sw	s6,304(sp)
80003920:	00800b93          	li	s7,8
80003924:	00000d13          	li	s10,0
80003928:	d2dff06f          	j	80003654 <vprintfmt+0x17c>
8000392c:	00071e63          	bnez	a4,80003948 <vprintfmt+0x470>
80003930:	80006a37          	lui	s4,0x80006
80003934:	13612823          	sw	s6,304(sp)
80003938:	954a0a13          	addi	s4,s4,-1708 # 80005954 <main+0xd14>
8000393c:	02800513          	li	a0,40
80003940:	fff00b13          	li	s6,-1
80003944:	e39ff06f          	j	8000377c <vprintfmt+0x2a4>
80003948:	80006a37          	lui	s4,0x80006
8000394c:	954a0a13          	addi	s4,s4,-1708 # 80005954 <main+0xd14>
80003950:	000a0793          	mv	a5,s4
80003954:	013a06b3          	add	a3,s4,s3
80003958:	00099863          	bnez	s3,80003968 <vprintfmt+0x490>
8000395c:	0200006f          	j	8000397c <vprintfmt+0x4a4>
80003960:	00178793          	addi	a5,a5,1
80003964:	00d78663          	beq	a5,a3,80003970 <vprintfmt+0x498>
80003968:	0007c703          	lbu	a4,0(a5)
8000396c:	fe071ae3          	bnez	a4,80003960 <vprintfmt+0x488>
80003970:	414787b3          	sub	a5,a5,s4
80003974:	40fc0c33          	sub	s8,s8,a5
80003978:	01805c63          	blez	s8,80003990 <vprintfmt+0x4b8>
8000397c:	00412503          	lw	a0,4(sp)
80003980:	00090593          	mv	a1,s2
80003984:	fffc0c13          	addi	s8,s8,-1
80003988:	000480e7          	jalr	s1
8000398c:	fe0c18e3          	bnez	s8,8000397c <vprintfmt+0x4a4>
80003990:	000a4503          	lbu	a0,0(s4)
80003994:	e20504e3          	beqz	a0,800037bc <vprintfmt+0x2e4>
80003998:	13612823          	sw	s6,304(sp)
8000399c:	dddff06f          	j	80003778 <vprintfmt+0x2a0>
800039a0:	00040713          	mv	a4,s0
800039a4:	c95ff06f          	j	80003638 <vprintfmt+0x160>

800039a8 <sprintf_putch.0>:
800039a8:	0005a783          	lw	a5,0(a1)
800039ac:	00a78023          	sb	a0,0(a5)
800039b0:	0005a783          	lw	a5,0(a1)
800039b4:	00178793          	addi	a5,a5,1
800039b8:	00f5a023          	sw	a5,0(a1)
800039bc:	00008067          	ret

800039c0 <putchar>:
800039c0:	04022703          	lw	a4,64(tp) # 40 <buflen.1>
800039c4:	00020793          	mv	a5,tp
800039c8:	f8010113          	addi	sp,sp,-128
800039cc:	00e787b3          	add	a5,a5,a4
800039d0:	00170813          	addi	a6,a4,1
800039d4:	00a78023          	sb	a0,0(a5)
800039d8:	05022023          	sw	a6,64(tp) # 40 <buflen.1>
800039dc:	ff650513          	addi	a0,a0,-10
800039e0:	03f10693          	addi	a3,sp,63
800039e4:	fc06f693          	andi	a3,a3,-64
800039e8:	00050c63          	beqz	a0,80003a00 <putchar+0x40>
800039ec:	fc170713          	addi	a4,a4,-63
800039f0:	00070863          	beqz	a4,80003a00 <putchar+0x40>
800039f4:	00000513          	li	a0,0
800039f8:	08010113          	addi	sp,sp,128
800039fc:	00008067          	ret
80003a00:	04000713          	li	a4,64
80003a04:	00e6a023          	sw	a4,0(a3)
80003a08:	00000793          	li	a5,0
80003a0c:	00f6a223          	sw	a5,4(a3)
80003a10:	00100e13          	li	t3,1
80003a14:	01c6a423          	sw	t3,8(a3)
80003a18:	00000e93          	li	t4,0
80003a1c:	01d6a623          	sw	t4,12(a3)
80003a20:	00020313          	mv	t1,tp
80003a24:	0066a823          	sw	t1,16(a3)
80003a28:	00000393          	li	t2,0
80003a2c:	0076aa23          	sw	t2,20(a3)
80003a30:	0106ac23          	sw	a6,24(a3)
80003a34:	41f85793          	srai	a5,a6,0x1f
80003a38:	00f6ae23          	sw	a5,28(a3)
80003a3c:	0330000f          	fence	rw,rw
80003a40:	80001637          	lui	a2,0x80001
80003a44:	00d62023          	sw	a3,0(a2) # 80001000 <tohost>
80003a48:	00000793          	li	a5,0
80003a4c:	00f62223          	sw	a5,4(a2)
80003a50:	80001637          	lui	a2,0x80001
80003a54:	04062703          	lw	a4,64(a2) # 80001040 <fromhost>
80003a58:	04462783          	lw	a5,68(a2)
80003a5c:	00f76733          	or	a4,a4,a5
80003a60:	fe070ae3          	beqz	a4,80003a54 <putchar+0x94>
80003a64:	00000793          	li	a5,0
80003a68:	04f62023          	sw	a5,64(a2)
80003a6c:	00000813          	li	a6,0
80003a70:	05062223          	sw	a6,68(a2)
80003a74:	0330000f          	fence	rw,rw
80003a78:	04022023          	sw	zero,64(tp) # 40 <buflen.1>
80003a7c:	0006a703          	lw	a4,0(a3)
80003a80:	00000513          	li	a0,0
80003a84:	0046a783          	lw	a5,4(a3)
80003a88:	08010113          	addi	sp,sp,128
80003a8c:	00008067          	ret

80003a90 <setStats>:
80003a90:	b0002773          	csrr	a4,mcycle
80003a94:	800067b7          	lui	a5,0x80006
80003a98:	f6478793          	addi	a5,a5,-156 # 80005f64 <counters>
80003a9c:	00050a63          	beqz	a0,80003ab0 <setStats+0x20>
80003aa0:	00e7a023          	sw	a4,0(a5)
80003aa4:	b0202773          	csrr	a4,minstret
80003aa8:	00e7a223          	sw	a4,4(a5)
80003aac:	00008067          	ret
80003ab0:	0007a583          	lw	a1,0(a5)
80003ab4:	800066b7          	lui	a3,0x80006
80003ab8:	80006637          	lui	a2,0x80006
80003abc:	40b70733          	sub	a4,a4,a1
80003ac0:	f5c68693          	addi	a3,a3,-164 # 80005f5c <counter_names>
80003ac4:	95c60613          	addi	a2,a2,-1700 # 8000595c <main+0xd1c>
80003ac8:	00e7a023          	sw	a4,0(a5)
80003acc:	00c6a023          	sw	a2,0(a3)
80003ad0:	b0202773          	csrr	a4,minstret
80003ad4:	0047a583          	lw	a1,4(a5)
80003ad8:	80006637          	lui	a2,0x80006
80003adc:	96460613          	addi	a2,a2,-1692 # 80005964 <main+0xd24>
80003ae0:	40b70733          	sub	a4,a4,a1
80003ae4:	00c6a223          	sw	a2,4(a3)
80003ae8:	00e7a223          	sw	a4,4(a5)
80003aec:	00008067          	ret

80003af0 <tohost_exit>:
80003af0:	00151693          	slli	a3,a0,0x1
80003af4:	0016e713          	ori	a4,a3,1
80003af8:	800016b7          	lui	a3,0x80001
80003afc:	00000793          	li	a5,0
80003b00:	00e6a023          	sw	a4,0(a3) # 80001000 <tohost>
80003b04:	00f6a223          	sw	a5,4(a3)
80003b08:	0000006f          	j	80003b08 <tohost_exit+0x18>

80003b0c <handle_trap>:
80003b0c:	00001637          	lui	a2,0x1
80003b10:	800017b7          	lui	a5,0x80001
80003b14:	a7360613          	addi	a2,a2,-1421 # a73 <_tbss_end+0xa2f>
80003b18:	00000693          	li	a3,0
80003b1c:	00c7a023          	sw	a2,0(a5) # 80001000 <tohost>
80003b20:	00d7a223          	sw	a3,4(a5)
80003b24:	0000006f          	j	80003b24 <handle_trap+0x18>

80003b28 <exit>:
80003b28:	ff010113          	addi	sp,sp,-16
80003b2c:	00112623          	sw	ra,12(sp)
80003b30:	fc1ff0ef          	jal	80003af0 <tohost_exit>

80003b34 <abort>:
80003b34:	800017b7          	lui	a5,0x80001
80003b38:	10d00613          	li	a2,269
80003b3c:	00000693          	li	a3,0
80003b40:	00c7a023          	sw	a2,0(a5) # 80001000 <tohost>
80003b44:	00d7a223          	sw	a3,4(a5)
80003b48:	0000006f          	j	80003b48 <abort+0x14>

80003b4c <printstr>:
80003b4c:	00054783          	lbu	a5,0(a0)
80003b50:	f8010113          	addi	sp,sp,-128
80003b54:	03f10613          	addi	a2,sp,63
80003b58:	00050813          	mv	a6,a0
80003b5c:	00000893          	li	a7,0
80003b60:	fc067613          	andi	a2,a2,-64
80003b64:	08078c63          	beqz	a5,80003bfc <printstr+0xb0>
80003b68:	00050793          	mv	a5,a0
80003b6c:	0017c703          	lbu	a4,1(a5)
80003b70:	00178793          	addi	a5,a5,1
80003b74:	fe071ce3          	bnez	a4,80003b6c <printstr+0x20>
80003b78:	40a78333          	sub	t1,a5,a0
80003b7c:	00000393          	li	t2,0
80003b80:	04000713          	li	a4,64
80003b84:	00e62023          	sw	a4,0(a2)
80003b88:	00000793          	li	a5,0
80003b8c:	00f62223          	sw	a5,4(a2)
80003b90:	00100713          	li	a4,1
80003b94:	00e62423          	sw	a4,8(a2)
80003b98:	00000793          	li	a5,0
80003b9c:	00f62623          	sw	a5,12(a2)
80003ba0:	01062823          	sw	a6,16(a2)
80003ba4:	01162a23          	sw	a7,20(a2)
80003ba8:	00662c23          	sw	t1,24(a2)
80003bac:	00762e23          	sw	t2,28(a2)
80003bb0:	0330000f          	fence	rw,rw
80003bb4:	800016b7          	lui	a3,0x80001
80003bb8:	00c6a023          	sw	a2,0(a3) # 80001000 <tohost>
80003bbc:	00000793          	li	a5,0
80003bc0:	00f6a223          	sw	a5,4(a3)
80003bc4:	800016b7          	lui	a3,0x80001
80003bc8:	0406a703          	lw	a4,64(a3) # 80001040 <fromhost>
80003bcc:	0446a783          	lw	a5,68(a3)
80003bd0:	00f76733          	or	a4,a4,a5
80003bd4:	fe070ae3          	beqz	a4,80003bc8 <printstr+0x7c>
80003bd8:	00000793          	li	a5,0
80003bdc:	04f6a023          	sw	a5,64(a3)
80003be0:	00000813          	li	a6,0
80003be4:	0506a223          	sw	a6,68(a3)
80003be8:	0330000f          	fence	rw,rw
80003bec:	00062703          	lw	a4,0(a2)
80003bf0:	00462783          	lw	a5,4(a2)
80003bf4:	08010113          	addi	sp,sp,128
80003bf8:	00008067          	ret
80003bfc:	00000313          	li	t1,0
80003c00:	00000393          	li	t2,0
80003c04:	f7dff06f          	j	80003b80 <printstr+0x34>

80003c08 <thread_entry>:
80003c08:	00051463          	bnez	a0,80003c10 <thread_entry+0x8>
80003c0c:	00008067          	ret
80003c10:	0000006f          	j	80003c10 <thread_entry+0x8>

80003c14 <printhex>:
80003c14:	fd010113          	addi	sp,sp,-48
80003c18:	00050713          	mv	a4,a0
80003c1c:	02112623          	sw	ra,44(sp)
80003c20:	00c10513          	addi	a0,sp,12
80003c24:	01b10613          	addi	a2,sp,27
80003c28:	00900813          	li	a6,9
80003c2c:	0080006f          	j	80003c34 <printhex+0x20>
80003c30:	fff60613          	addi	a2,a2,-1
80003c34:	00f77693          	andi	a3,a4,15
80003c38:	00d837b3          	sltu	a5,a6,a3
80003c3c:	40f007b3          	neg	a5,a5
80003c40:	0277f793          	andi	a5,a5,39
80003c44:	03078793          	addi	a5,a5,48
80003c48:	00f686b3          	add	a3,a3,a5
80003c4c:	00475713          	srli	a4,a4,0x4
80003c50:	01c59793          	slli	a5,a1,0x1c
80003c54:	00d60023          	sb	a3,0(a2)
80003c58:	00e78733          	add	a4,a5,a4
80003c5c:	0045d593          	srli	a1,a1,0x4
80003c60:	fcc518e3          	bne	a0,a2,80003c30 <printhex+0x1c>
80003c64:	00010e23          	sb	zero,28(sp)
80003c68:	ee5ff0ef          	jal	80003b4c <printstr>
80003c6c:	02c12083          	lw	ra,44(sp)
80003c70:	03010113          	addi	sp,sp,48
80003c74:	00008067          	ret

80003c78 <printf>:
80003c78:	fc010113          	addi	sp,sp,-64
80003c7c:	02410313          	addi	t1,sp,36
80003c80:	80004e37          	lui	t3,0x80004
80003c84:	02b12223          	sw	a1,36(sp)
80003c88:	02c12423          	sw	a2,40(sp)
80003c8c:	02d12623          	sw	a3,44(sp)
80003c90:	00050613          	mv	a2,a0
80003c94:	00030693          	mv	a3,t1
80003c98:	9c0e0513          	addi	a0,t3,-1600 # 800039c0 <putchar>
80003c9c:	00000593          	li	a1,0
80003ca0:	00112e23          	sw	ra,28(sp)
80003ca4:	02e12823          	sw	a4,48(sp)
80003ca8:	02f12a23          	sw	a5,52(sp)
80003cac:	03012c23          	sw	a6,56(sp)
80003cb0:	03112e23          	sw	a7,60(sp)
80003cb4:	00612623          	sw	t1,12(sp)
80003cb8:	821ff0ef          	jal	800034d8 <vprintfmt>
80003cbc:	01c12083          	lw	ra,28(sp)
80003cc0:	00000513          	li	a0,0
80003cc4:	04010113          	addi	sp,sp,64
80003cc8:	00008067          	ret

80003ccc <puts>:
80003ccc:	ff010113          	addi	sp,sp,-16
80003cd0:	00112623          	sw	ra,12(sp)
80003cd4:	fa5ff0ef          	jal	80003c78 <printf>
80003cd8:	00a00513          	li	a0,10
80003cdc:	ce5ff0ef          	jal	800039c0 <putchar>
80003ce0:	00c12083          	lw	ra,12(sp)
80003ce4:	00000513          	li	a0,0
80003ce8:	01010113          	addi	sp,sp,16
80003cec:	00008067          	ret

80003cf0 <sprintf>:
80003cf0:	fb010113          	addi	sp,sp,-80
80003cf4:	03810313          	addi	t1,sp,56
80003cf8:	80004e37          	lui	t3,0x80004
80003cfc:	02812423          	sw	s0,40(sp)
80003d00:	00a12623          	sw	a0,12(sp)
80003d04:	02c12c23          	sw	a2,56(sp)
80003d08:	02d12e23          	sw	a3,60(sp)
80003d0c:	00050413          	mv	s0,a0
80003d10:	00058613          	mv	a2,a1
80003d14:	9a8e0513          	addi	a0,t3,-1624 # 800039a8 <sprintf_putch.0>
80003d18:	00c10593          	addi	a1,sp,12
80003d1c:	00030693          	mv	a3,t1
80003d20:	02112623          	sw	ra,44(sp)
80003d24:	04f12223          	sw	a5,68(sp)
80003d28:	04e12023          	sw	a4,64(sp)
80003d2c:	05012423          	sw	a6,72(sp)
80003d30:	05112623          	sw	a7,76(sp)
80003d34:	00612e23          	sw	t1,28(sp)
80003d38:	fa0ff0ef          	jal	800034d8 <vprintfmt>
80003d3c:	00c12783          	lw	a5,12(sp)
80003d40:	00078023          	sb	zero,0(a5)
80003d44:	00c12503          	lw	a0,12(sp)
80003d48:	02c12083          	lw	ra,44(sp)
80003d4c:	40850533          	sub	a0,a0,s0
80003d50:	02812403          	lw	s0,40(sp)
80003d54:	05010113          	addi	sp,sp,80
80003d58:	00008067          	ret

80003d5c <memcpy>:
80003d5c:	00c5e7b3          	or	a5,a1,a2
80003d60:	00f567b3          	or	a5,a0,a5
80003d64:	0037f793          	andi	a5,a5,3
80003d68:	00c506b3          	add	a3,a0,a2
80003d6c:	02078463          	beqz	a5,80003d94 <memcpy+0x38>
80003d70:	00c58633          	add	a2,a1,a2
80003d74:	00050793          	mv	a5,a0
80003d78:	02d57e63          	bgeu	a0,a3,80003db4 <memcpy+0x58>
80003d7c:	0005c703          	lbu	a4,0(a1)
80003d80:	00158593          	addi	a1,a1,1
80003d84:	00178793          	addi	a5,a5,1
80003d88:	fee78fa3          	sb	a4,-1(a5)
80003d8c:	feb618e3          	bne	a2,a1,80003d7c <memcpy+0x20>
80003d90:	00008067          	ret
80003d94:	fed57ee3          	bgeu	a0,a3,80003d90 <memcpy+0x34>
80003d98:	00050793          	mv	a5,a0
80003d9c:	0005a703          	lw	a4,0(a1)
80003da0:	00478793          	addi	a5,a5,4
80003da4:	00458593          	addi	a1,a1,4
80003da8:	fee7ae23          	sw	a4,-4(a5)
80003dac:	fed7e8e3          	bltu	a5,a3,80003d9c <memcpy+0x40>
80003db0:	00008067          	ret
80003db4:	00008067          	ret

80003db8 <memset>:
80003db8:	00c567b3          	or	a5,a0,a2
80003dbc:	0037f793          	andi	a5,a5,3
80003dc0:	00c50633          	add	a2,a0,a2
80003dc4:	00078e63          	beqz	a5,80003de0 <memset+0x28>
80003dc8:	00050793          	mv	a5,a0
80003dcc:	04c57063          	bgeu	a0,a2,80003e0c <memset+0x54>
80003dd0:	00178793          	addi	a5,a5,1
80003dd4:	feb78fa3          	sb	a1,-1(a5)
80003dd8:	fef61ce3          	bne	a2,a5,80003dd0 <memset+0x18>
80003ddc:	00008067          	ret
80003de0:	fec57ee3          	bgeu	a0,a2,80003ddc <memset+0x24>
80003de4:	0ff5f593          	zext.b	a1,a1
80003de8:	00859713          	slli	a4,a1,0x8
80003dec:	00b70733          	add	a4,a4,a1
80003df0:	01071793          	slli	a5,a4,0x10
80003df4:	00f70733          	add	a4,a4,a5
80003df8:	00050793          	mv	a5,a0
80003dfc:	00478793          	addi	a5,a5,4
80003e00:	fee7ae23          	sw	a4,-4(a5)
80003e04:	fec7ece3          	bltu	a5,a2,80003dfc <memset+0x44>
80003e08:	00008067          	ret
80003e0c:	00008067          	ret

80003e10 <_init>:
80003e10:	f6010113          	addi	sp,sp,-160
80003e14:	08812c23          	sw	s0,152(sp)
80003e18:	08912a23          	sw	s1,148(sp)
80003e1c:	00002417          	auipc	s0,0x2
80003e20:	11042403          	lw	s0,272(s0) # 80005f2c <_GLOBAL_OFFSET_TABLE_+0x8>
80003e24:	00002497          	auipc	s1,0x2
80003e28:	1044a483          	lw	s1,260(s1) # 80005f28 <_GLOBAL_OFFSET_TABLE_+0x4>
80003e2c:	09312623          	sw	s3,140(sp)
80003e30:	40848433          	sub	s0,s1,s0
80003e34:	00050993          	mv	s3,a0
80003e38:	00040613          	mv	a2,s0
80003e3c:	00020513          	mv	a0,tp
80003e40:	09412423          	sw	s4,136(sp)
80003e44:	00058a13          	mv	s4,a1
80003e48:	00418593          	addi	a1,gp,4 # 80006740 <_end>
80003e4c:	08112e23          	sw	ra,156(sp)
80003e50:	09212823          	sw	s2,144(sp)
80003e54:	09512223          	sw	s5,132(sp)
80003e58:	00020a93          	mv	s5,tp
80003e5c:	f01ff0ef          	jal	80003d5c <memcpy>
80003e60:	00002617          	auipc	a2,0x2
80003e64:	0d062603          	lw	a2,208(a2) # 80005f30 <_GLOBAL_OFFSET_TABLE_+0xc>
80003e68:	008a8533          	add	a0,s5,s0
80003e6c:	00000593          	li	a1,0
80003e70:	40960633          	sub	a2,a2,s1
80003e74:	f45ff0ef          	jal	80003db8 <memset>
80003e78:	000a0593          	mv	a1,s4
80003e7c:	00098513          	mv	a0,s3
80003e80:	d89ff0ef          	jal	80003c08 <thread_entry>
80003e84:	03f10913          	addi	s2,sp,63
80003e88:	00000593          	li	a1,0
80003e8c:	00000513          	li	a0,0
80003e90:	80006437          	lui	s0,0x80006
80003e94:	fc097913          	andi	s2,s2,-64
80003e98:	5a9000ef          	jal	80004c40 <main>
80003e9c:	f6440413          	addi	s0,s0,-156 # 80005f64 <counters>
80003ea0:	800064b7          	lui	s1,0x80006
80003ea4:	00050a93          	mv	s5,a0
80003ea8:	00090993          	mv	s3,s2
80003eac:	00840a13          	addi	s4,s0,8
80003eb0:	f5c48493          	addi	s1,s1,-164 # 80005f5c <counter_names>
80003eb4:	00042683          	lw	a3,0(s0)
80003eb8:	02069263          	bnez	a3,80003edc <_init+0xcc>
80003ebc:	00440413          	addi	s0,s0,4
80003ec0:	00448493          	addi	s1,s1,4
80003ec4:	ff4418e3          	bne	s0,s4,80003eb4 <_init+0xa4>
80003ec8:	01390663          	beq	s2,s3,80003ed4 <_init+0xc4>
80003ecc:	00090513          	mv	a0,s2
80003ed0:	c7dff0ef          	jal	80003b4c <printstr>
80003ed4:	000a8513          	mv	a0,s5
80003ed8:	c19ff0ef          	jal	80003af0 <tohost_exit>
80003edc:	0004a603          	lw	a2,0(s1)
80003ee0:	800065b7          	lui	a1,0x80006
80003ee4:	00098513          	mv	a0,s3
80003ee8:	98858593          	addi	a1,a1,-1656 # 80005988 <main+0xd48>
80003eec:	e05ff0ef          	jal	80003cf0 <sprintf>
80003ef0:	00a989b3          	add	s3,s3,a0
80003ef4:	fc9ff06f          	j	80003ebc <_init+0xac>

80003ef8 <strlen>:
80003ef8:	00054783          	lbu	a5,0(a0)
80003efc:	00078e63          	beqz	a5,80003f18 <strlen+0x20>
80003f00:	00050793          	mv	a5,a0
80003f04:	0017c703          	lbu	a4,1(a5)
80003f08:	00178793          	addi	a5,a5,1
80003f0c:	fe071ce3          	bnez	a4,80003f04 <strlen+0xc>
80003f10:	40a78533          	sub	a0,a5,a0
80003f14:	00008067          	ret
80003f18:	00000513          	li	a0,0
80003f1c:	00008067          	ret

80003f20 <strnlen>:
80003f20:	00b506b3          	add	a3,a0,a1
80003f24:	00050793          	mv	a5,a0
80003f28:	00059863          	bnez	a1,80003f38 <strnlen+0x18>
80003f2c:	01c0006f          	j	80003f48 <strnlen+0x28>
80003f30:	00178793          	addi	a5,a5,1
80003f34:	00d78663          	beq	a5,a3,80003f40 <strnlen+0x20>
80003f38:	0007c703          	lbu	a4,0(a5)
80003f3c:	fe071ae3          	bnez	a4,80003f30 <strnlen+0x10>
80003f40:	40a78533          	sub	a0,a5,a0
80003f44:	00008067          	ret
80003f48:	00000513          	li	a0,0
80003f4c:	00008067          	ret

80003f50 <strcmp>:
80003f50:	00050713          	mv	a4,a0
80003f54:	00074783          	lbu	a5,0(a4)
80003f58:	0005c683          	lbu	a3,0(a1)
80003f5c:	00170713          	addi	a4,a4,1
80003f60:	00158593          	addi	a1,a1,1
80003f64:	40d78533          	sub	a0,a5,a3
80003f68:	00078663          	beqz	a5,80003f74 <strcmp+0x24>
80003f6c:	fed784e3          	beq	a5,a3,80003f54 <strcmp+0x4>
80003f70:	00008067          	ret
80003f74:	00008067          	ret

80003f78 <strcpy>:
80003f78:	00050793          	mv	a5,a0
80003f7c:	0005c703          	lbu	a4,0(a1)
80003f80:	00158593          	addi	a1,a1,1
80003f84:	00178793          	addi	a5,a5,1
80003f88:	fee78fa3          	sb	a4,-1(a5)
80003f8c:	fe0718e3          	bnez	a4,80003f7c <strcpy+0x4>
80003f90:	00008067          	ret

80003f94 <atol>:
80003f94:	00054703          	lbu	a4,0(a0)
80003f98:	02000693          	li	a3,32
80003f9c:	00050793          	mv	a5,a0
80003fa0:	00d71863          	bne	a4,a3,80003fb0 <atol+0x1c>
80003fa4:	0017c703          	lbu	a4,1(a5)
80003fa8:	00178793          	addi	a5,a5,1
80003fac:	fed70ce3          	beq	a4,a3,80003fa4 <atol+0x10>
80003fb0:	fd570693          	addi	a3,a4,-43
80003fb4:	0fd6f693          	andi	a3,a3,253
80003fb8:	04069463          	bnez	a3,80004000 <atol+0x6c>
80003fbc:	0017c683          	lbu	a3,1(a5)
80003fc0:	fd370713          	addi	a4,a4,-45
80003fc4:	00173613          	seqz	a2,a4
80003fc8:	04068663          	beqz	a3,80004014 <atol+0x80>
80003fcc:	00178793          	addi	a5,a5,1
80003fd0:	00000513          	li	a0,0
80003fd4:	00178793          	addi	a5,a5,1
80003fd8:	fd068593          	addi	a1,a3,-48
80003fdc:	00251713          	slli	a4,a0,0x2
80003fe0:	0007c683          	lbu	a3,0(a5)
80003fe4:	00a70733          	add	a4,a4,a0
80003fe8:	00171713          	slli	a4,a4,0x1
80003fec:	00e58533          	add	a0,a1,a4
80003ff0:	fe0692e3          	bnez	a3,80003fd4 <atol+0x40>
80003ff4:	00060463          	beqz	a2,80003ffc <atol+0x68>
80003ff8:	40a00533          	neg	a0,a0
80003ffc:	00008067          	ret
80004000:	0007c683          	lbu	a3,0(a5)
80004004:	00000613          	li	a2,0
80004008:	fc0694e3          	bnez	a3,80003fd0 <atol+0x3c>
8000400c:	00000513          	li	a0,0
80004010:	00008067          	ret
80004014:	00000513          	li	a0,0
80004018:	fddff06f          	j	80003ff4 <atol+0x60>

8000401c <__udivdi3>:
8000401c:	fd010113          	addi	sp,sp,-48
80004020:	01512a23          	sw	s5,20(sp)
80004024:	02112623          	sw	ra,44(sp)
80004028:	02812423          	sw	s0,40(sp)
8000402c:	02912223          	sw	s1,36(sp)
80004030:	03212023          	sw	s2,32(sp)
80004034:	01312e23          	sw	s3,28(sp)
80004038:	01412c23          	sw	s4,24(sp)
8000403c:	01612823          	sw	s6,16(sp)
80004040:	01712623          	sw	s7,12(sp)
80004044:	01812423          	sw	s8,8(sp)
80004048:	01912223          	sw	s9,4(sp)
8000404c:	00050a93          	mv	s5,a0
80004050:	38069463          	bnez	a3,800043d8 <__udivdi3+0x3bc>
80004054:	00068a13          	mv	s4,a3
80004058:	00060993          	mv	s3,a2
8000405c:	00050493          	mv	s1,a0
80004060:	00002697          	auipc	a3,0x2
80004064:	d0868693          	addi	a3,a3,-760 # 80005d68 <__clz_tab>
80004068:	16c5f263          	bgeu	a1,a2,800041cc <__udivdi3+0x1b0>
8000406c:	000107b7          	lui	a5,0x10
80004070:	00058c13          	mv	s8,a1
80004074:	12f67863          	bgeu	a2,a5,800041a4 <__udivdi3+0x188>
80004078:	10063793          	sltiu	a5,a2,256
8000407c:	0017b793          	seqz	a5,a5
80004080:	00379793          	slli	a5,a5,0x3
80004084:	00f65733          	srl	a4,a2,a5
80004088:	00e686b3          	add	a3,a3,a4
8000408c:	0006c703          	lbu	a4,0(a3)
80004090:	00f707b3          	add	a5,a4,a5
80004094:	02000713          	li	a4,32
80004098:	00e78e63          	beq	a5,a4,800040b4 <__udivdi3+0x98>
8000409c:	40f70733          	sub	a4,a4,a5
800040a0:	00e59c33          	sll	s8,a1,a4
800040a4:	00fad7b3          	srl	a5,s5,a5
800040a8:	00e619b3          	sll	s3,a2,a4
800040ac:	0187ec33          	or	s8,a5,s8
800040b0:	00ea94b3          	sll	s1,s5,a4
800040b4:	0109db13          	srli	s6,s3,0x10
800040b8:	000b0593          	mv	a1,s6
800040bc:	01099b93          	slli	s7,s3,0x10
800040c0:	000c0513          	mv	a0,s8
800040c4:	2d1000ef          	jal	80004b94 <__hidden___udivsi3>
800040c8:	010bdb93          	srli	s7,s7,0x10
800040cc:	00050593          	mv	a1,a0
800040d0:	00050913          	mv	s2,a0
800040d4:	000b8513          	mv	a0,s7
800040d8:	291000ef          	jal	80004b68 <__mulsi3>
800040dc:	00050413          	mv	s0,a0
800040e0:	000b0593          	mv	a1,s6
800040e4:	000c0513          	mv	a0,s8
800040e8:	2f5000ef          	jal	80004bdc <__umodsi3>
800040ec:	01051513          	slli	a0,a0,0x10
800040f0:	0104d693          	srli	a3,s1,0x10
800040f4:	00a6e6b3          	or	a3,a3,a0
800040f8:	0086fa63          	bgeu	a3,s0,8000410c <__udivdi3+0xf0>
800040fc:	00d986b3          	add	a3,s3,a3
80004100:	0086f463          	bgeu	a3,s0,80004108 <__udivdi3+0xec>
80004104:	0b36fa63          	bgeu	a3,s3,800041b8 <__udivdi3+0x19c>
80004108:	fff90913          	addi	s2,s2,-1
8000410c:	40868433          	sub	s0,a3,s0
80004110:	000b0593          	mv	a1,s6
80004114:	00040513          	mv	a0,s0
80004118:	27d000ef          	jal	80004b94 <__hidden___udivsi3>
8000411c:	00050593          	mv	a1,a0
80004120:	00050a93          	mv	s5,a0
80004124:	000b8513          	mv	a0,s7
80004128:	241000ef          	jal	80004b68 <__mulsi3>
8000412c:	00050b93          	mv	s7,a0
80004130:	000b0593          	mv	a1,s6
80004134:	00040513          	mv	a0,s0
80004138:	2a5000ef          	jal	80004bdc <__umodsi3>
8000413c:	01049493          	slli	s1,s1,0x10
80004140:	01051513          	slli	a0,a0,0x10
80004144:	0104d493          	srli	s1,s1,0x10
80004148:	00a4e4b3          	or	s1,s1,a0
8000414c:	0174fa63          	bgeu	s1,s7,80004160 <__udivdi3+0x144>
80004150:	009984b3          	add	s1,s3,s1
80004154:	0174f463          	bgeu	s1,s7,8000415c <__udivdi3+0x140>
80004158:	0734f663          	bgeu	s1,s3,800041c4 <__udivdi3+0x1a8>
8000415c:	fffa8a93          	addi	s5,s5,-1
80004160:	01091793          	slli	a5,s2,0x10
80004164:	0157e7b3          	or	a5,a5,s5
80004168:	02c12083          	lw	ra,44(sp)
8000416c:	02812403          	lw	s0,40(sp)
80004170:	02412483          	lw	s1,36(sp)
80004174:	02012903          	lw	s2,32(sp)
80004178:	01c12983          	lw	s3,28(sp)
8000417c:	01412a83          	lw	s5,20(sp)
80004180:	01012b03          	lw	s6,16(sp)
80004184:	00c12b83          	lw	s7,12(sp)
80004188:	00812c03          	lw	s8,8(sp)
8000418c:	00412c83          	lw	s9,4(sp)
80004190:	000a0593          	mv	a1,s4
80004194:	00078513          	mv	a0,a5
80004198:	01812a03          	lw	s4,24(sp)
8000419c:	03010113          	addi	sp,sp,48
800041a0:	00008067          	ret
800041a4:	01000737          	lui	a4,0x1000
800041a8:	01800793          	li	a5,24
800041ac:	ece67ce3          	bgeu	a2,a4,80004084 <__udivdi3+0x68>
800041b0:	01000793          	li	a5,16
800041b4:	ed1ff06f          	j	80004084 <__udivdi3+0x68>
800041b8:	ffe90913          	addi	s2,s2,-2
800041bc:	013686b3          	add	a3,a3,s3
800041c0:	f4dff06f          	j	8000410c <__udivdi3+0xf0>
800041c4:	ffea8a93          	addi	s5,s5,-2
800041c8:	f99ff06f          	j	80004160 <__udivdi3+0x144>
800041cc:	00000713          	li	a4,0
800041d0:	00060c63          	beqz	a2,800041e8 <__udivdi3+0x1cc>
800041d4:	000107b7          	lui	a5,0x10
800041d8:	0ef67463          	bgeu	a2,a5,800042c0 <__udivdi3+0x2a4>
800041dc:	10063713          	sltiu	a4,a2,256
800041e0:	00173713          	seqz	a4,a4
800041e4:	00371713          	slli	a4,a4,0x3
800041e8:	00e657b3          	srl	a5,a2,a4
800041ec:	00f686b3          	add	a3,a3,a5
800041f0:	0006c783          	lbu	a5,0(a3)
800041f4:	00e787b3          	add	a5,a5,a4
800041f8:	02000713          	li	a4,32
800041fc:	0ce79c63          	bne	a5,a4,800042d4 <__udivdi3+0x2b8>
80004200:	40c58433          	sub	s0,a1,a2
80004204:	00100a13          	li	s4,1
80004208:	0109da93          	srli	s5,s3,0x10
8000420c:	000a8593          	mv	a1,s5
80004210:	01099b13          	slli	s6,s3,0x10
80004214:	00040513          	mv	a0,s0
80004218:	17d000ef          	jal	80004b94 <__hidden___udivsi3>
8000421c:	010b5b13          	srli	s6,s6,0x10
80004220:	00050593          	mv	a1,a0
80004224:	00050913          	mv	s2,a0
80004228:	000b0513          	mv	a0,s6
8000422c:	13d000ef          	jal	80004b68 <__mulsi3>
80004230:	00050b93          	mv	s7,a0
80004234:	000a8593          	mv	a1,s5
80004238:	00040513          	mv	a0,s0
8000423c:	1a1000ef          	jal	80004bdc <__umodsi3>
80004240:	01051513          	slli	a0,a0,0x10
80004244:	0104d693          	srli	a3,s1,0x10
80004248:	00a6e6b3          	or	a3,a3,a0
8000424c:	0176fa63          	bgeu	a3,s7,80004260 <__udivdi3+0x244>
80004250:	00d986b3          	add	a3,s3,a3
80004254:	0176f463          	bgeu	a3,s7,8000425c <__udivdi3+0x240>
80004258:	1736f663          	bgeu	a3,s3,800043c4 <__udivdi3+0x3a8>
8000425c:	fff90913          	addi	s2,s2,-1
80004260:	41768433          	sub	s0,a3,s7
80004264:	000a8593          	mv	a1,s5
80004268:	00040513          	mv	a0,s0
8000426c:	129000ef          	jal	80004b94 <__hidden___udivsi3>
80004270:	00050593          	mv	a1,a0
80004274:	00050b93          	mv	s7,a0
80004278:	000b0513          	mv	a0,s6
8000427c:	0ed000ef          	jal	80004b68 <__mulsi3>
80004280:	00050b13          	mv	s6,a0
80004284:	000a8593          	mv	a1,s5
80004288:	00040513          	mv	a0,s0
8000428c:	151000ef          	jal	80004bdc <__umodsi3>
80004290:	01049493          	slli	s1,s1,0x10
80004294:	01051513          	slli	a0,a0,0x10
80004298:	0104d493          	srli	s1,s1,0x10
8000429c:	00a4e4b3          	or	s1,s1,a0
800042a0:	0164fa63          	bgeu	s1,s6,800042b4 <__udivdi3+0x298>
800042a4:	009984b3          	add	s1,s3,s1
800042a8:	0164f463          	bgeu	s1,s6,800042b0 <__udivdi3+0x294>
800042ac:	1334f263          	bgeu	s1,s3,800043d0 <__udivdi3+0x3b4>
800042b0:	fffb8b93          	addi	s7,s7,-1
800042b4:	01091793          	slli	a5,s2,0x10
800042b8:	0177e7b3          	or	a5,a5,s7
800042bc:	eadff06f          	j	80004168 <__udivdi3+0x14c>
800042c0:	010007b7          	lui	a5,0x1000
800042c4:	01800713          	li	a4,24
800042c8:	f2f670e3          	bgeu	a2,a5,800041e8 <__udivdi3+0x1cc>
800042cc:	01000713          	li	a4,16
800042d0:	f19ff06f          	j	800041e8 <__udivdi3+0x1cc>
800042d4:	40f70733          	sub	a4,a4,a5
800042d8:	00e619b3          	sll	s3,a2,a4
800042dc:	00f5d433          	srl	s0,a1,a5
800042e0:	0109db13          	srli	s6,s3,0x10
800042e4:	00e595b3          	sll	a1,a1,a4
800042e8:	00fad7b3          	srl	a5,s5,a5
800042ec:	00b7ea33          	or	s4,a5,a1
800042f0:	01099b93          	slli	s7,s3,0x10
800042f4:	000b0593          	mv	a1,s6
800042f8:	00040513          	mv	a0,s0
800042fc:	00ea94b3          	sll	s1,s5,a4
80004300:	010bdb93          	srli	s7,s7,0x10
80004304:	091000ef          	jal	80004b94 <__hidden___udivsi3>
80004308:	00050593          	mv	a1,a0
8000430c:	00050913          	mv	s2,a0
80004310:	000b8513          	mv	a0,s7
80004314:	055000ef          	jal	80004b68 <__mulsi3>
80004318:	00050a93          	mv	s5,a0
8000431c:	000b0593          	mv	a1,s6
80004320:	00040513          	mv	a0,s0
80004324:	0b9000ef          	jal	80004bdc <__umodsi3>
80004328:	01051513          	slli	a0,a0,0x10
8000432c:	010a5693          	srli	a3,s4,0x10
80004330:	00a6e6b3          	or	a3,a3,a0
80004334:	0156fa63          	bgeu	a3,s5,80004348 <__udivdi3+0x32c>
80004338:	00d986b3          	add	a3,s3,a3
8000433c:	0156f463          	bgeu	a3,s5,80004344 <__udivdi3+0x328>
80004340:	0736f663          	bgeu	a3,s3,800043ac <__udivdi3+0x390>
80004344:	fff90913          	addi	s2,s2,-1
80004348:	41568433          	sub	s0,a3,s5
8000434c:	000b0593          	mv	a1,s6
80004350:	00040513          	mv	a0,s0
80004354:	041000ef          	jal	80004b94 <__hidden___udivsi3>
80004358:	00050593          	mv	a1,a0
8000435c:	00050a93          	mv	s5,a0
80004360:	000b8513          	mv	a0,s7
80004364:	005000ef          	jal	80004b68 <__mulsi3>
80004368:	00050b93          	mv	s7,a0
8000436c:	000b0593          	mv	a1,s6
80004370:	00040513          	mv	a0,s0
80004374:	069000ef          	jal	80004bdc <__umodsi3>
80004378:	010a1793          	slli	a5,s4,0x10
8000437c:	01051513          	slli	a0,a0,0x10
80004380:	0107d793          	srli	a5,a5,0x10
80004384:	00a7e7b3          	or	a5,a5,a0
80004388:	0177fa63          	bgeu	a5,s7,8000439c <__udivdi3+0x380>
8000438c:	00f987b3          	add	a5,s3,a5
80004390:	0177f463          	bgeu	a5,s7,80004398 <__udivdi3+0x37c>
80004394:	0337f263          	bgeu	a5,s3,800043b8 <__udivdi3+0x39c>
80004398:	fffa8a93          	addi	s5,s5,-1
8000439c:	01091913          	slli	s2,s2,0x10
800043a0:	41778433          	sub	s0,a5,s7
800043a4:	01596a33          	or	s4,s2,s5
800043a8:	e61ff06f          	j	80004208 <__udivdi3+0x1ec>
800043ac:	ffe90913          	addi	s2,s2,-2
800043b0:	013686b3          	add	a3,a3,s3
800043b4:	f95ff06f          	j	80004348 <__udivdi3+0x32c>
800043b8:	ffea8a93          	addi	s5,s5,-2
800043bc:	013787b3          	add	a5,a5,s3
800043c0:	fddff06f          	j	8000439c <__udivdi3+0x380>
800043c4:	ffe90913          	addi	s2,s2,-2
800043c8:	013686b3          	add	a3,a3,s3
800043cc:	e95ff06f          	j	80004260 <__udivdi3+0x244>
800043d0:	ffeb8b93          	addi	s7,s7,-2
800043d4:	ee1ff06f          	j	800042b4 <__udivdi3+0x298>
800043d8:	1ed5e663          	bltu	a1,a3,800045c4 <__udivdi3+0x5a8>
800043dc:	000107b7          	lui	a5,0x10
800043e0:	04f6f463          	bgeu	a3,a5,80004428 <__udivdi3+0x40c>
800043e4:	1006b713          	sltiu	a4,a3,256
800043e8:	00173713          	seqz	a4,a4
800043ec:	00371713          	slli	a4,a4,0x3
800043f0:	00e6d533          	srl	a0,a3,a4
800043f4:	00002797          	auipc	a5,0x2
800043f8:	97478793          	addi	a5,a5,-1676 # 80005d68 <__clz_tab>
800043fc:	00a787b3          	add	a5,a5,a0
80004400:	0007c783          	lbu	a5,0(a5)
80004404:	02000b13          	li	s6,32
80004408:	00e787b3          	add	a5,a5,a4
8000440c:	03679863          	bne	a5,s6,8000443c <__udivdi3+0x420>
80004410:	00cab7b3          	sltu	a5,s5,a2
80004414:	0017b793          	seqz	a5,a5
80004418:	00b6b6b3          	sltu	a3,a3,a1
8000441c:	00d7e7b3          	or	a5,a5,a3
80004420:	00000a13          	li	s4,0
80004424:	d45ff06f          	j	80004168 <__udivdi3+0x14c>
80004428:	010007b7          	lui	a5,0x1000
8000442c:	01800713          	li	a4,24
80004430:	fcf6f0e3          	bgeu	a3,a5,800043f0 <__udivdi3+0x3d4>
80004434:	01000713          	li	a4,16
80004438:	fb9ff06f          	j	800043f0 <__udivdi3+0x3d4>
8000443c:	40fb0b33          	sub	s6,s6,a5
80004440:	00f65bb3          	srl	s7,a2,a5
80004444:	016696b3          	sll	a3,a3,s6
80004448:	00dbebb3          	or	s7,s7,a3
8000444c:	00f5d4b3          	srl	s1,a1,a5
80004450:	010bdc93          	srli	s9,s7,0x10
80004454:	00fad7b3          	srl	a5,s5,a5
80004458:	016595b3          	sll	a1,a1,s6
8000445c:	00b7ea33          	or	s4,a5,a1
80004460:	010b9c13          	slli	s8,s7,0x10
80004464:	000c8593          	mv	a1,s9
80004468:	00048513          	mv	a0,s1
8000446c:	016619b3          	sll	s3,a2,s6
80004470:	010c5c13          	srli	s8,s8,0x10
80004474:	720000ef          	jal	80004b94 <__hidden___udivsi3>
80004478:	00050593          	mv	a1,a0
8000447c:	00050413          	mv	s0,a0
80004480:	000c0513          	mv	a0,s8
80004484:	6e4000ef          	jal	80004b68 <__mulsi3>
80004488:	00050913          	mv	s2,a0
8000448c:	000c8593          	mv	a1,s9
80004490:	00048513          	mv	a0,s1
80004494:	748000ef          	jal	80004bdc <__umodsi3>
80004498:	01051513          	slli	a0,a0,0x10
8000449c:	010a5713          	srli	a4,s4,0x10
800044a0:	00a76733          	or	a4,a4,a0
800044a4:	01277a63          	bgeu	a4,s2,800044b8 <__udivdi3+0x49c>
800044a8:	00eb8733          	add	a4,s7,a4
800044ac:	01277463          	bgeu	a4,s2,800044b4 <__udivdi3+0x498>
800044b0:	0f777e63          	bgeu	a4,s7,800045ac <__udivdi3+0x590>
800044b4:	fff40413          	addi	s0,s0,-1
800044b8:	412704b3          	sub	s1,a4,s2
800044bc:	000c8593          	mv	a1,s9
800044c0:	00048513          	mv	a0,s1
800044c4:	6d0000ef          	jal	80004b94 <__hidden___udivsi3>
800044c8:	00050593          	mv	a1,a0
800044cc:	00050913          	mv	s2,a0
800044d0:	000c0513          	mv	a0,s8
800044d4:	694000ef          	jal	80004b68 <__mulsi3>
800044d8:	00050c13          	mv	s8,a0
800044dc:	000c8593          	mv	a1,s9
800044e0:	00048513          	mv	a0,s1
800044e4:	6f8000ef          	jal	80004bdc <__umodsi3>
800044e8:	010a1793          	slli	a5,s4,0x10
800044ec:	01051513          	slli	a0,a0,0x10
800044f0:	0107d793          	srli	a5,a5,0x10
800044f4:	00a7e7b3          	or	a5,a5,a0
800044f8:	0187fa63          	bgeu	a5,s8,8000450c <__udivdi3+0x4f0>
800044fc:	00fb87b3          	add	a5,s7,a5
80004500:	0187f463          	bgeu	a5,s8,80004508 <__udivdi3+0x4ec>
80004504:	0b77fa63          	bgeu	a5,s7,800045b8 <__udivdi3+0x59c>
80004508:	fff90913          	addi	s2,s2,-1
8000450c:	01099313          	slli	t1,s3,0x10
80004510:	01041413          	slli	s0,s0,0x10
80004514:	01035313          	srli	t1,t1,0x10
80004518:	01091513          	slli	a0,s2,0x10
8000451c:	418788b3          	sub	a7,a5,s8
80004520:	01055513          	srli	a0,a0,0x10
80004524:	012467b3          	or	a5,s0,s2
80004528:	00030593          	mv	a1,t1
8000452c:	63c000ef          	jal	80004b68 <__mulsi3>
80004530:	00050813          	mv	a6,a0
80004534:	01091513          	slli	a0,s2,0x10
80004538:	01055513          	srli	a0,a0,0x10
8000453c:	0109d593          	srli	a1,s3,0x10
80004540:	628000ef          	jal	80004b68 <__mulsi3>
80004544:	00050713          	mv	a4,a0
80004548:	00030593          	mv	a1,t1
8000454c:	0107d513          	srli	a0,a5,0x10
80004550:	618000ef          	jal	80004b68 <__mulsi3>
80004554:	00050313          	mv	t1,a0
80004558:	0109d593          	srli	a1,s3,0x10
8000455c:	0107d513          	srli	a0,a5,0x10
80004560:	608000ef          	jal	80004b68 <__mulsi3>
80004564:	01085693          	srli	a3,a6,0x10
80004568:	00670733          	add	a4,a4,t1
8000456c:	00e686b3          	add	a3,a3,a4
80004570:	0066f663          	bgeu	a3,t1,8000457c <__udivdi3+0x560>
80004574:	00010737          	lui	a4,0x10
80004578:	00e50533          	add	a0,a0,a4
8000457c:	0106d613          	srli	a2,a3,0x10
80004580:	00a60633          	add	a2,a2,a0
80004584:	02c8e063          	bltu	a7,a2,800045a4 <__udivdi3+0x588>
80004588:	01081813          	slli	a6,a6,0x10
8000458c:	01069693          	slli	a3,a3,0x10
80004590:	01085813          	srli	a6,a6,0x10
80004594:	016a9733          	sll	a4,s5,s6
80004598:	010686b3          	add	a3,a3,a6
8000459c:	e8d772e3          	bgeu	a4,a3,80004420 <__udivdi3+0x404>
800045a0:	e8c890e3          	bne	a7,a2,80004420 <__udivdi3+0x404>
800045a4:	fff78793          	addi	a5,a5,-1 # ffffff <_tbss_end+0xffffbb>
800045a8:	e79ff06f          	j	80004420 <__udivdi3+0x404>
800045ac:	ffe40413          	addi	s0,s0,-2
800045b0:	01770733          	add	a4,a4,s7
800045b4:	f05ff06f          	j	800044b8 <__udivdi3+0x49c>
800045b8:	ffe90913          	addi	s2,s2,-2
800045bc:	017787b3          	add	a5,a5,s7
800045c0:	f4dff06f          	j	8000450c <__udivdi3+0x4f0>
800045c4:	00000a13          	li	s4,0
800045c8:	00000793          	li	a5,0
800045cc:	b9dff06f          	j	80004168 <__udivdi3+0x14c>

800045d0 <__umoddi3>:
800045d0:	fd010113          	addi	sp,sp,-48
800045d4:	02812423          	sw	s0,40(sp)
800045d8:	02912223          	sw	s1,36(sp)
800045dc:	02112623          	sw	ra,44(sp)
800045e0:	03212023          	sw	s2,32(sp)
800045e4:	01312e23          	sw	s3,28(sp)
800045e8:	01412c23          	sw	s4,24(sp)
800045ec:	01512a23          	sw	s5,20(sp)
800045f0:	01612823          	sw	s6,16(sp)
800045f4:	01712623          	sw	s7,12(sp)
800045f8:	01812423          	sw	s8,8(sp)
800045fc:	01912223          	sw	s9,4(sp)
80004600:	01a12023          	sw	s10,0(sp)
80004604:	00050413          	mv	s0,a0
80004608:	00058493          	mv	s1,a1
8000460c:	32069863          	bnez	a3,8000493c <__umoddi3+0x36c>
80004610:	00060993          	mv	s3,a2
80004614:	00001717          	auipc	a4,0x1
80004618:	75470713          	addi	a4,a4,1876 # 80005d68 <__clz_tab>
8000461c:	14c5fe63          	bgeu	a1,a2,80004778 <__umoddi3+0x1a8>
80004620:	000107b7          	lui	a5,0x10
80004624:	14f67063          	bgeu	a2,a5,80004764 <__umoddi3+0x194>
80004628:	10063793          	sltiu	a5,a2,256
8000462c:	0017b793          	seqz	a5,a5
80004630:	00379793          	slli	a5,a5,0x3
80004634:	00f656b3          	srl	a3,a2,a5
80004638:	00d70733          	add	a4,a4,a3
8000463c:	00074703          	lbu	a4,0(a4)
80004640:	00f707b3          	add	a5,a4,a5
80004644:	02000713          	li	a4,32
80004648:	40f70933          	sub	s2,a4,a5
8000464c:	00e78c63          	beq	a5,a4,80004664 <__umoddi3+0x94>
80004650:	012594b3          	sll	s1,a1,s2
80004654:	00f557b3          	srl	a5,a0,a5
80004658:	012619b3          	sll	s3,a2,s2
8000465c:	0097e4b3          	or	s1,a5,s1
80004660:	01251433          	sll	s0,a0,s2
80004664:	0109da13          	srli	s4,s3,0x10
80004668:	000a0593          	mv	a1,s4
8000466c:	01099a93          	slli	s5,s3,0x10
80004670:	00048513          	mv	a0,s1
80004674:	520000ef          	jal	80004b94 <__hidden___udivsi3>
80004678:	010ada93          	srli	s5,s5,0x10
8000467c:	000a8593          	mv	a1,s5
80004680:	4e8000ef          	jal	80004b68 <__mulsi3>
80004684:	00050b13          	mv	s6,a0
80004688:	000a0593          	mv	a1,s4
8000468c:	00048513          	mv	a0,s1
80004690:	54c000ef          	jal	80004bdc <__umodsi3>
80004694:	01051513          	slli	a0,a0,0x10
80004698:	01045793          	srli	a5,s0,0x10
8000469c:	00a7e7b3          	or	a5,a5,a0
800046a0:	0367f263          	bgeu	a5,s6,800046c4 <__umoddi3+0xf4>
800046a4:	00f987b3          	add	a5,s3,a5
800046a8:	0137b6b3          	sltu	a3,a5,s3
800046ac:	0167b733          	sltu	a4,a5,s6
800046b0:	0016b693          	seqz	a3,a3
800046b4:	00d77733          	and	a4,a4,a3
800046b8:	40e00733          	neg	a4,a4
800046bc:	01377733          	and	a4,a4,s3
800046c0:	00f707b3          	add	a5,a4,a5
800046c4:	41678b33          	sub	s6,a5,s6
800046c8:	000a0593          	mv	a1,s4
800046cc:	000b0513          	mv	a0,s6
800046d0:	4c4000ef          	jal	80004b94 <__hidden___udivsi3>
800046d4:	000a8593          	mv	a1,s5
800046d8:	490000ef          	jal	80004b68 <__mulsi3>
800046dc:	00050a93          	mv	s5,a0
800046e0:	000a0593          	mv	a1,s4
800046e4:	000b0513          	mv	a0,s6
800046e8:	4f4000ef          	jal	80004bdc <__umodsi3>
800046ec:	01051793          	slli	a5,a0,0x10
800046f0:	01041513          	slli	a0,s0,0x10
800046f4:	01055513          	srli	a0,a0,0x10
800046f8:	00f56533          	or	a0,a0,a5
800046fc:	03557263          	bgeu	a0,s5,80004720 <__umoddi3+0x150>
80004700:	00a98533          	add	a0,s3,a0
80004704:	01353733          	sltu	a4,a0,s3
80004708:	015537b3          	sltu	a5,a0,s5
8000470c:	00173713          	seqz	a4,a4
80004710:	00e7f7b3          	and	a5,a5,a4
80004714:	40f007b3          	neg	a5,a5
80004718:	0137f7b3          	and	a5,a5,s3
8000471c:	00a78533          	add	a0,a5,a0
80004720:	41550533          	sub	a0,a0,s5
80004724:	01255533          	srl	a0,a0,s2
80004728:	00000593          	li	a1,0
8000472c:	02c12083          	lw	ra,44(sp)
80004730:	02812403          	lw	s0,40(sp)
80004734:	02412483          	lw	s1,36(sp)
80004738:	02012903          	lw	s2,32(sp)
8000473c:	01c12983          	lw	s3,28(sp)
80004740:	01812a03          	lw	s4,24(sp)
80004744:	01412a83          	lw	s5,20(sp)
80004748:	01012b03          	lw	s6,16(sp)
8000474c:	00c12b83          	lw	s7,12(sp)
80004750:	00812c03          	lw	s8,8(sp)
80004754:	00412c83          	lw	s9,4(sp)
80004758:	00012d03          	lw	s10,0(sp)
8000475c:	03010113          	addi	sp,sp,48
80004760:	00008067          	ret
80004764:	010006b7          	lui	a3,0x1000
80004768:	01800793          	li	a5,24
8000476c:	ecd674e3          	bgeu	a2,a3,80004634 <__umoddi3+0x64>
80004770:	01000793          	li	a5,16
80004774:	ec1ff06f          	j	80004634 <__umoddi3+0x64>
80004778:	00000793          	li	a5,0
8000477c:	00060c63          	beqz	a2,80004794 <__umoddi3+0x1c4>
80004780:	000107b7          	lui	a5,0x10
80004784:	1af67263          	bgeu	a2,a5,80004928 <__umoddi3+0x358>
80004788:	10063793          	sltiu	a5,a2,256
8000478c:	0017b793          	seqz	a5,a5
80004790:	00379793          	slli	a5,a5,0x3
80004794:	00f656b3          	srl	a3,a2,a5
80004798:	00d70733          	add	a4,a4,a3
8000479c:	00074703          	lbu	a4,0(a4)
800047a0:	40c584b3          	sub	s1,a1,a2
800047a4:	00f707b3          	add	a5,a4,a5
800047a8:	02000713          	li	a4,32
800047ac:	40f70933          	sub	s2,a4,a5
800047b0:	0ce78e63          	beq	a5,a4,8000488c <__umoddi3+0x2bc>
800047b4:	012619b3          	sll	s3,a2,s2
800047b8:	00f5dbb3          	srl	s7,a1,a5
800047bc:	0109da93          	srli	s5,s3,0x10
800047c0:	00f557b3          	srl	a5,a0,a5
800047c4:	012595b3          	sll	a1,a1,s2
800047c8:	00b7e4b3          	or	s1,a5,a1
800047cc:	01251433          	sll	s0,a0,s2
800047d0:	000a8593          	mv	a1,s5
800047d4:	01099b13          	slli	s6,s3,0x10
800047d8:	000b8513          	mv	a0,s7
800047dc:	3b8000ef          	jal	80004b94 <__hidden___udivsi3>
800047e0:	010b5b13          	srli	s6,s6,0x10
800047e4:	000b0593          	mv	a1,s6
800047e8:	380000ef          	jal	80004b68 <__mulsi3>
800047ec:	00050a13          	mv	s4,a0
800047f0:	000a8593          	mv	a1,s5
800047f4:	000b8513          	mv	a0,s7
800047f8:	3e4000ef          	jal	80004bdc <__umodsi3>
800047fc:	01051513          	slli	a0,a0,0x10
80004800:	0104d793          	srli	a5,s1,0x10
80004804:	00a7e7b3          	or	a5,a5,a0
80004808:	0347f263          	bgeu	a5,s4,8000482c <__umoddi3+0x25c>
8000480c:	00f987b3          	add	a5,s3,a5
80004810:	0137b6b3          	sltu	a3,a5,s3
80004814:	0147b733          	sltu	a4,a5,s4
80004818:	0016b693          	seqz	a3,a3
8000481c:	00d77733          	and	a4,a4,a3
80004820:	40e00733          	neg	a4,a4
80004824:	01377733          	and	a4,a4,s3
80004828:	00f707b3          	add	a5,a4,a5
8000482c:	41478a33          	sub	s4,a5,s4
80004830:	000a8593          	mv	a1,s5
80004834:	000a0513          	mv	a0,s4
80004838:	35c000ef          	jal	80004b94 <__hidden___udivsi3>
8000483c:	000b0593          	mv	a1,s6
80004840:	328000ef          	jal	80004b68 <__mulsi3>
80004844:	00050b13          	mv	s6,a0
80004848:	000a8593          	mv	a1,s5
8000484c:	000a0513          	mv	a0,s4
80004850:	38c000ef          	jal	80004bdc <__umodsi3>
80004854:	01049793          	slli	a5,s1,0x10
80004858:	01051513          	slli	a0,a0,0x10
8000485c:	0107d793          	srli	a5,a5,0x10
80004860:	00a7e7b3          	or	a5,a5,a0
80004864:	0367f263          	bgeu	a5,s6,80004888 <__umoddi3+0x2b8>
80004868:	00f987b3          	add	a5,s3,a5
8000486c:	0137b6b3          	sltu	a3,a5,s3
80004870:	0167b733          	sltu	a4,a5,s6
80004874:	0016b693          	seqz	a3,a3
80004878:	00d77733          	and	a4,a4,a3
8000487c:	40e00733          	neg	a4,a4
80004880:	01377733          	and	a4,a4,s3
80004884:	00f707b3          	add	a5,a4,a5
80004888:	416784b3          	sub	s1,a5,s6
8000488c:	0109da13          	srli	s4,s3,0x10
80004890:	000a0593          	mv	a1,s4
80004894:	01099a93          	slli	s5,s3,0x10
80004898:	00048513          	mv	a0,s1
8000489c:	2f8000ef          	jal	80004b94 <__hidden___udivsi3>
800048a0:	010ada93          	srli	s5,s5,0x10
800048a4:	000a8593          	mv	a1,s5
800048a8:	2c0000ef          	jal	80004b68 <__mulsi3>
800048ac:	00050b13          	mv	s6,a0
800048b0:	000a0593          	mv	a1,s4
800048b4:	00048513          	mv	a0,s1
800048b8:	324000ef          	jal	80004bdc <__umodsi3>
800048bc:	01051513          	slli	a0,a0,0x10
800048c0:	01045793          	srli	a5,s0,0x10
800048c4:	00a7e7b3          	or	a5,a5,a0
800048c8:	0367f263          	bgeu	a5,s6,800048ec <__umoddi3+0x31c>
800048cc:	00f987b3          	add	a5,s3,a5
800048d0:	0137b6b3          	sltu	a3,a5,s3
800048d4:	0167b733          	sltu	a4,a5,s6
800048d8:	0016b693          	seqz	a3,a3
800048dc:	00d77733          	and	a4,a4,a3
800048e0:	40e00733          	neg	a4,a4
800048e4:	01377733          	and	a4,a4,s3
800048e8:	00f707b3          	add	a5,a4,a5
800048ec:	41678b33          	sub	s6,a5,s6
800048f0:	000a0593          	mv	a1,s4
800048f4:	000b0513          	mv	a0,s6
800048f8:	29c000ef          	jal	80004b94 <__hidden___udivsi3>
800048fc:	000a8593          	mv	a1,s5
80004900:	268000ef          	jal	80004b68 <__mulsi3>
80004904:	00050a93          	mv	s5,a0
80004908:	000a0593          	mv	a1,s4
8000490c:	000b0513          	mv	a0,s6
80004910:	2cc000ef          	jal	80004bdc <__umodsi3>
80004914:	01041413          	slli	s0,s0,0x10
80004918:	01051513          	slli	a0,a0,0x10
8000491c:	01045413          	srli	s0,s0,0x10
80004920:	00a46533          	or	a0,s0,a0
80004924:	dd9ff06f          	j	800046fc <__umoddi3+0x12c>
80004928:	010006b7          	lui	a3,0x1000
8000492c:	01800793          	li	a5,24
80004930:	e6d672e3          	bgeu	a2,a3,80004794 <__umoddi3+0x1c4>
80004934:	01000793          	li	a5,16
80004938:	e5dff06f          	j	80004794 <__umoddi3+0x1c4>
8000493c:	ded5e8e3          	bltu	a1,a3,8000472c <__umoddi3+0x15c>
80004940:	000107b7          	lui	a5,0x10
80004944:	04f6fc63          	bgeu	a3,a5,8000499c <__umoddi3+0x3cc>
80004948:	1006b793          	sltiu	a5,a3,256
8000494c:	0017b793          	seqz	a5,a5
80004950:	00379793          	slli	a5,a5,0x3
80004954:	00f6d833          	srl	a6,a3,a5
80004958:	00001717          	auipc	a4,0x1
8000495c:	41070713          	addi	a4,a4,1040 # 80005d68 <__clz_tab>
80004960:	01070733          	add	a4,a4,a6
80004964:	00074983          	lbu	s3,0(a4)
80004968:	02000a13          	li	s4,32
8000496c:	00f989b3          	add	s3,s3,a5
80004970:	05499063          	bne	s3,s4,800049b0 <__umoddi3+0x3e0>
80004974:	00c57463          	bgeu	a0,a2,8000497c <__umoddi3+0x3ac>
80004978:	00b6fc63          	bgeu	a3,a1,80004990 <__umoddi3+0x3c0>
8000497c:	40c504b3          	sub	s1,a0,a2
80004980:	00048413          	mv	s0,s1
80004984:	40d586b3          	sub	a3,a1,a3
80004988:	009534b3          	sltu	s1,a0,s1
8000498c:	409684b3          	sub	s1,a3,s1
80004990:	00040513          	mv	a0,s0
80004994:	00048593          	mv	a1,s1
80004998:	d95ff06f          	j	8000472c <__umoddi3+0x15c>
8000499c:	01000737          	lui	a4,0x1000
800049a0:	01800793          	li	a5,24
800049a4:	fae6f8e3          	bgeu	a3,a4,80004954 <__umoddi3+0x384>
800049a8:	01000793          	li	a5,16
800049ac:	fa9ff06f          	j	80004954 <__umoddi3+0x384>
800049b0:	413a0a33          	sub	s4,s4,s3
800049b4:	014696b3          	sll	a3,a3,s4
800049b8:	01365b33          	srl	s6,a2,s3
800049bc:	00db6b33          	or	s6,s6,a3
800049c0:	0135dab3          	srl	s5,a1,s3
800049c4:	01355433          	srl	s0,a0,s3
800049c8:	014595b3          	sll	a1,a1,s4
800049cc:	010b5d13          	srli	s10,s6,0x10
800049d0:	00b46433          	or	s0,s0,a1
800049d4:	01451933          	sll	s2,a0,s4
800049d8:	000d0593          	mv	a1,s10
800049dc:	010b1c93          	slli	s9,s6,0x10
800049e0:	000a8513          	mv	a0,s5
800049e4:	014614b3          	sll	s1,a2,s4
800049e8:	010cdc93          	srli	s9,s9,0x10
800049ec:	1a8000ef          	jal	80004b94 <__hidden___udivsi3>
800049f0:	00050593          	mv	a1,a0
800049f4:	00050c13          	mv	s8,a0
800049f8:	000c8513          	mv	a0,s9
800049fc:	16c000ef          	jal	80004b68 <__mulsi3>
80004a00:	00050b93          	mv	s7,a0
80004a04:	000d0593          	mv	a1,s10
80004a08:	000a8513          	mv	a0,s5
80004a0c:	1d0000ef          	jal	80004bdc <__umodsi3>
80004a10:	01051513          	slli	a0,a0,0x10
80004a14:	01045793          	srli	a5,s0,0x10
80004a18:	00a7e7b3          	or	a5,a5,a0
80004a1c:	0177fa63          	bgeu	a5,s7,80004a30 <__umoddi3+0x460>
80004a20:	00fb07b3          	add	a5,s6,a5
80004a24:	0177f463          	bgeu	a5,s7,80004a2c <__umoddi3+0x45c>
80004a28:	1367f463          	bgeu	a5,s6,80004b50 <__umoddi3+0x580>
80004a2c:	fffc0c13          	addi	s8,s8,-1
80004a30:	41778bb3          	sub	s7,a5,s7
80004a34:	000d0593          	mv	a1,s10
80004a38:	000b8513          	mv	a0,s7
80004a3c:	158000ef          	jal	80004b94 <__hidden___udivsi3>
80004a40:	00050593          	mv	a1,a0
80004a44:	00050a93          	mv	s5,a0
80004a48:	000c8513          	mv	a0,s9
80004a4c:	11c000ef          	jal	80004b68 <__mulsi3>
80004a50:	000d0593          	mv	a1,s10
80004a54:	00050c93          	mv	s9,a0
80004a58:	000b8513          	mv	a0,s7
80004a5c:	180000ef          	jal	80004bdc <__umodsi3>
80004a60:	01041593          	slli	a1,s0,0x10
80004a64:	01051513          	slli	a0,a0,0x10
80004a68:	0105d593          	srli	a1,a1,0x10
80004a6c:	00a5e5b3          	or	a1,a1,a0
80004a70:	0195fa63          	bgeu	a1,s9,80004a84 <__umoddi3+0x4b4>
80004a74:	00bb05b3          	add	a1,s6,a1
80004a78:	0195f463          	bgeu	a1,s9,80004a80 <__umoddi3+0x4b0>
80004a7c:	0f65f063          	bgeu	a1,s6,80004b5c <__umoddi3+0x58c>
80004a80:	fffa8a93          	addi	s5,s5,-1
80004a84:	41958733          	sub	a4,a1,s9
80004a88:	010c1813          	slli	a6,s8,0x10
80004a8c:	010a9513          	slli	a0,s5,0x10
80004a90:	01049593          	slli	a1,s1,0x10
80004a94:	01586833          	or	a6,a6,s5
80004a98:	01055513          	srli	a0,a0,0x10
80004a9c:	0105d593          	srli	a1,a1,0x10
80004aa0:	0c8000ef          	jal	80004b68 <__mulsi3>
80004aa4:	00050893          	mv	a7,a0
80004aa8:	010a9513          	slli	a0,s5,0x10
80004aac:	01055513          	srli	a0,a0,0x10
80004ab0:	0104d593          	srli	a1,s1,0x10
80004ab4:	0b4000ef          	jal	80004b68 <__mulsi3>
80004ab8:	01049593          	slli	a1,s1,0x10
80004abc:	00050793          	mv	a5,a0
80004ac0:	0105d593          	srli	a1,a1,0x10
80004ac4:	01085513          	srli	a0,a6,0x10
80004ac8:	0a0000ef          	jal	80004b68 <__mulsi3>
80004acc:	00050e13          	mv	t3,a0
80004ad0:	0104d593          	srli	a1,s1,0x10
80004ad4:	01085513          	srli	a0,a6,0x10
80004ad8:	090000ef          	jal	80004b68 <__mulsi3>
80004adc:	01c787b3          	add	a5,a5,t3
80004ae0:	0108d693          	srli	a3,a7,0x10
80004ae4:	00d787b3          	add	a5,a5,a3
80004ae8:	01c7f663          	bgeu	a5,t3,80004af4 <__umoddi3+0x524>
80004aec:	000106b7          	lui	a3,0x10
80004af0:	00d50533          	add	a0,a0,a3
80004af4:	0107d693          	srli	a3,a5,0x10
80004af8:	01089893          	slli	a7,a7,0x10
80004afc:	01079793          	slli	a5,a5,0x10
80004b00:	0108d893          	srli	a7,a7,0x10
80004b04:	00a68533          	add	a0,a3,a0
80004b08:	011787b3          	add	a5,a5,a7
80004b0c:	00a76663          	bltu	a4,a0,80004b18 <__umoddi3+0x548>
80004b10:	00f97e63          	bgeu	s2,a5,80004b2c <__umoddi3+0x55c>
80004b14:	00a71c63          	bne	a4,a0,80004b2c <__umoddi3+0x55c>
80004b18:	409784b3          	sub	s1,a5,s1
80004b1c:	0097b6b3          	sltu	a3,a5,s1
80004b20:	016686b3          	add	a3,a3,s6
80004b24:	00048793          	mv	a5,s1
80004b28:	40d50533          	sub	a0,a0,a3
80004b2c:	40f907b3          	sub	a5,s2,a5
80004b30:	40a705b3          	sub	a1,a4,a0
80004b34:	00f93933          	sltu	s2,s2,a5
80004b38:	412585b3          	sub	a1,a1,s2
80004b3c:	013599b3          	sll	s3,a1,s3
80004b40:	0147d7b3          	srl	a5,a5,s4
80004b44:	00f9e533          	or	a0,s3,a5
80004b48:	0145d5b3          	srl	a1,a1,s4
80004b4c:	be1ff06f          	j	8000472c <__umoddi3+0x15c>
80004b50:	ffec0c13          	addi	s8,s8,-2
80004b54:	016787b3          	add	a5,a5,s6
80004b58:	ed9ff06f          	j	80004a30 <__umoddi3+0x460>
80004b5c:	ffea8a93          	addi	s5,s5,-2
80004b60:	016585b3          	add	a1,a1,s6
80004b64:	f21ff06f          	j	80004a84 <__umoddi3+0x4b4>

80004b68 <__mulsi3>:
80004b68:	00050613          	mv	a2,a0
80004b6c:	00000513          	li	a0,0
80004b70:	0015f693          	andi	a3,a1,1
80004b74:	00068463          	beqz	a3,80004b7c <__mulsi3+0x14>
80004b78:	00c50533          	add	a0,a0,a2
80004b7c:	0015d593          	srli	a1,a1,0x1
80004b80:	00161613          	slli	a2,a2,0x1
80004b84:	fe0596e3          	bnez	a1,80004b70 <__mulsi3+0x8>
80004b88:	00008067          	ret

80004b8c <__divsi3>:
80004b8c:	06054063          	bltz	a0,80004bec <__umodsi3+0x10>
80004b90:	0605c663          	bltz	a1,80004bfc <__umodsi3+0x20>

80004b94 <__hidden___udivsi3>:
80004b94:	00058613          	mv	a2,a1
80004b98:	00050593          	mv	a1,a0
80004b9c:	fff00513          	li	a0,-1
80004ba0:	02060c63          	beqz	a2,80004bd8 <__hidden___udivsi3+0x44>
80004ba4:	00100693          	li	a3,1
80004ba8:	00b67a63          	bgeu	a2,a1,80004bbc <__hidden___udivsi3+0x28>
80004bac:	00c05863          	blez	a2,80004bbc <__hidden___udivsi3+0x28>
80004bb0:	00161613          	slli	a2,a2,0x1
80004bb4:	00169693          	slli	a3,a3,0x1
80004bb8:	feb66ae3          	bltu	a2,a1,80004bac <__hidden___udivsi3+0x18>
80004bbc:	00000513          	li	a0,0
80004bc0:	00c5e663          	bltu	a1,a2,80004bcc <__hidden___udivsi3+0x38>
80004bc4:	40c585b3          	sub	a1,a1,a2
80004bc8:	00d56533          	or	a0,a0,a3
80004bcc:	0016d693          	srli	a3,a3,0x1
80004bd0:	00165613          	srli	a2,a2,0x1
80004bd4:	fe0696e3          	bnez	a3,80004bc0 <__hidden___udivsi3+0x2c>
80004bd8:	00008067          	ret

80004bdc <__umodsi3>:
80004bdc:	00008293          	mv	t0,ra
80004be0:	fb5ff0ef          	jal	80004b94 <__hidden___udivsi3>
80004be4:	00058513          	mv	a0,a1
80004be8:	00028067          	jr	t0
80004bec:	40a00533          	neg	a0,a0
80004bf0:	00b04863          	bgtz	a1,80004c00 <__umodsi3+0x24>
80004bf4:	40b005b3          	neg	a1,a1
80004bf8:	f9dff06f          	j	80004b94 <__hidden___udivsi3>
80004bfc:	40b005b3          	neg	a1,a1
80004c00:	00008293          	mv	t0,ra
80004c04:	f91ff0ef          	jal	80004b94 <__hidden___udivsi3>
80004c08:	40a00533          	neg	a0,a0
80004c0c:	00028067          	jr	t0

80004c10 <__modsi3>:
80004c10:	00008293          	mv	t0,ra
80004c14:	0005ca63          	bltz	a1,80004c28 <__modsi3+0x18>
80004c18:	00054c63          	bltz	a0,80004c30 <__modsi3+0x20>
80004c1c:	f79ff0ef          	jal	80004b94 <__hidden___udivsi3>
80004c20:	00058513          	mv	a0,a1
80004c24:	00028067          	jr	t0
80004c28:	40b005b3          	neg	a1,a1
80004c2c:	fe0558e3          	bgez	a0,80004c1c <__modsi3+0xc>
80004c30:	40a00533          	neg	a0,a0
80004c34:	f61ff0ef          	jal	80004b94 <__hidden___udivsi3>
80004c38:	40b00533          	neg	a0,a1
80004c3c:	00028067          	jr	t0

Disassembly of section .text.startup:

80004c40 <main>:
80004c40:	f8010113          	addi	sp,sp,-128
80004c44:	00810613          	addi	a2,sp,8
80004c48:	00410593          	addi	a1,sp,4
80004c4c:	04e10513          	addi	a0,sp,78
80004c50:	06112e23          	sw	ra,124(sp)
80004c54:	06912a23          	sw	s1,116(sp)
80004c58:	06812c23          	sw	s0,120(sp)
80004c5c:	07212823          	sw	s2,112(sp)
80004c60:	07312623          	sw	s3,108(sp)
80004c64:	07412423          	sw	s4,104(sp)
80004c68:	07512223          	sw	s5,100(sp)
80004c6c:	07612023          	sw	s6,96(sp)
80004c70:	05712e23          	sw	s7,92(sp)
80004c74:	00012223          	sw	zero,4(sp)
80004c78:	84dfe0ef          	jal	800034c4 <portable_init>
80004c7c:	00100513          	li	a0,1
80004c80:	dd5fd0ef          	jal	80002a54 <get_seed_32>
80004c84:	00a11623          	sh	a0,12(sp)
80004c88:	00200513          	li	a0,2
80004c8c:	dc9fd0ef          	jal	80002a54 <get_seed_32>
80004c90:	00a11723          	sh	a0,14(sp)
80004c94:	00300513          	li	a0,3
80004c98:	dbdfd0ef          	jal	80002a54 <get_seed_32>
80004c9c:	00a11823          	sh	a0,16(sp)
80004ca0:	00400513          	li	a0,4
80004ca4:	db1fd0ef          	jal	80002a54 <get_seed_32>
80004ca8:	02a12423          	sw	a0,40(sp)
80004cac:	00500513          	li	a0,5
80004cb0:	da5fd0ef          	jal	80002a54 <get_seed_32>
80004cb4:	00700493          	li	s1,7
80004cb8:	00050463          	beqz	a0,80004cc0 <main+0x80>
80004cbc:	00050493          	mv	s1,a0
80004cc0:	00c12783          	lw	a5,12(sp)
80004cc4:	02912623          	sw	s1,44(sp)
80004cc8:	34078a63          	beqz	a5,8000501c <main+0x3dc>
80004ccc:	00100713          	li	a4,1
80004cd0:	68e78c63          	beq	a5,a4,80005368 <main+0x728>
80004cd4:	80006a37          	lui	s4,0x80006
80004cd8:	0024f793          	andi	a5,s1,2
80004cdc:	00f037b3          	snez	a5,a5
80004ce0:	f6ca0a13          	addi	s4,s4,-148 # 80005f6c <static_memblk>
80004ce4:	0014f593          	andi	a1,s1,1
80004ce8:	00f585b3          	add	a1,a1,a5
80004cec:	04011623          	sh	zero,76(sp)
80004cf0:	01412a23          	sw	s4,20(sp)
80004cf4:	0044f793          	andi	a5,s1,4
80004cf8:	00078863          	beqz	a5,80004d08 <main+0xc8>
80004cfc:	00158593          	addi	a1,a1,1
80004d00:	01059593          	slli	a1,a1,0x10
80004d04:	0105d593          	srli	a1,a1,0x10
80004d08:	7d000513          	li	a0,2000
80004d0c:	e89ff0ef          	jal	80004b94 <__hidden___udivsi3>
80004d10:	00050b93          	mv	s7,a0
80004d14:	02a12223          	sw	a0,36(sp)
80004d18:	00c10913          	addi	s2,sp,12
80004d1c:	00000413          	li	s0,0
80004d20:	00000993          	li	s3,0
80004d24:	00100b13          	li	s6,1
80004d28:	00300a93          	li	s5,3
80004d2c:	008b17b3          	sll	a5,s6,s0
80004d30:	0097f7b3          	and	a5,a5,s1
80004d34:	16079063          	bnez	a5,80004e94 <main+0x254>
80004d38:	00140413          	addi	s0,s0,1
80004d3c:	00490913          	addi	s2,s2,4
80004d40:	ff5416e3          	bne	s0,s5,80004d2c <main+0xec>
80004d44:	02c12783          	lw	a5,44(sp)
80004d48:	0017f713          	andi	a4,a5,1
80004d4c:	00070e63          	beqz	a4,80004d68 <main+0x128>
80004d50:	00c11603          	lh	a2,12(sp)
80004d54:	01812583          	lw	a1,24(sp)
80004d58:	02412503          	lw	a0,36(sp)
80004d5c:	a95fc0ef          	jal	800017f0 <core_list_init>
80004d60:	02c12783          	lw	a5,44(sp)
80004d64:	02a12823          	sw	a0,48(sp)
80004d68:	0027f713          	andi	a4,a5,2
80004d6c:	10071063          	bnez	a4,80004e6c <main+0x22c>
80004d70:	0047f793          	andi	a5,a5,4
80004d74:	00078a63          	beqz	a5,80004d88 <main+0x148>
80004d78:	02012603          	lw	a2,32(sp)
80004d7c:	00c11583          	lh	a1,12(sp)
80004d80:	02412503          	lw	a0,36(sp)
80004d84:	ef4fd0ef          	jal	80002478 <core_init_state>
80004d88:	02812783          	lw	a5,40(sp)
80004d8c:	04079c63          	bnez	a5,80004de4 <main+0x1a4>
80004d90:	00100793          	li	a5,1
80004d94:	02f12423          	sw	a5,40(sp)
80004d98:	02812703          	lw	a4,40(sp)
80004d9c:	00271793          	slli	a5,a4,0x2
80004da0:	00e787b3          	add	a5,a5,a4
80004da4:	00179793          	slli	a5,a5,0x1
80004da8:	02f12423          	sw	a5,40(sp)
80004dac:	ec0fe0ef          	jal	8000346c <start_time>
80004db0:	00c10513          	addi	a0,sp,12
80004db4:	bc5fc0ef          	jal	80001978 <iterate>
80004db8:	ec4fe0ef          	jal	8000347c <stop_time>
80004dbc:	ed0fe0ef          	jal	8000348c <get_time>
80004dc0:	ee4fe0ef          	jal	800034a4 <time_in_secs>
80004dc4:	fc050ae3          	beqz	a0,80004d98 <main+0x158>
80004dc8:	00050593          	mv	a1,a0
80004dcc:	00a00513          	li	a0,10
80004dd0:	dc5ff0ef          	jal	80004b94 <__hidden___udivsi3>
80004dd4:	00150593          	addi	a1,a0,1
80004dd8:	02812503          	lw	a0,40(sp)
80004ddc:	d8dff0ef          	jal	80004b68 <__mulsi3>
80004de0:	02a12423          	sw	a0,40(sp)
80004de4:	e88fe0ef          	jal	8000346c <start_time>
80004de8:	00c10513          	addi	a0,sp,12
80004dec:	b8dfc0ef          	jal	80001978 <iterate>
80004df0:	e8cfe0ef          	jal	8000347c <stop_time>
80004df4:	e98fe0ef          	jal	8000348c <get_time>
80004df8:	00050993          	mv	s3,a0
80004dfc:	00c11503          	lh	a0,12(sp)
80004e00:	00000593          	li	a1,0
80004e04:	c28fe0ef          	jal	8000322c <crc16>
80004e08:	00050593          	mv	a1,a0
80004e0c:	00e11503          	lh	a0,14(sp)
80004e10:	c1cfe0ef          	jal	8000322c <crc16>
80004e14:	00050593          	mv	a1,a0
80004e18:	01011503          	lh	a0,16(sp)
80004e1c:	c10fe0ef          	jal	8000322c <crc16>
80004e20:	00050593          	mv	a1,a0
80004e24:	02411503          	lh	a0,36(sp)
80004e28:	c04fe0ef          	jal	8000322c <crc16>
80004e2c:	000087b7          	lui	a5,0x8
80004e30:	b0578793          	addi	a5,a5,-1275 # 7b05 <_tbss_end+0x7ac1>
80004e34:	00050a13          	mv	s4,a0
80004e38:	50f50463          	beq	a0,a5,80005340 <main+0x700>
80004e3c:	06a7fe63          	bgeu	a5,a0,80004eb8 <main+0x278>
80004e40:	000097b7          	lui	a5,0x9
80004e44:	a0278793          	addi	a5,a5,-1534 # 8a02 <_tbss_end+0x89be>
80004e48:	50f50663          	beq	a0,a5,80005354 <main+0x714>
80004e4c:	0000f7b7          	lui	a5,0xf
80004e50:	9f578793          	addi	a5,a5,-1547 # e9f5 <_tbss_end+0xe9b1>
80004e54:	1cf51e63          	bne	a0,a5,80005030 <main+0x3f0>
80004e58:	80005537          	lui	a0,0x80005
80004e5c:	44c50513          	addi	a0,a0,1100 # 8000544c <main+0x80c>
80004e60:	e6dfe0ef          	jal	80003ccc <puts>
80004e64:	00300793          	li	a5,3
80004e68:	0780006f          	j	80004ee0 <main+0x2a0>
80004e6c:	00e11783          	lh	a5,14(sp)
80004e70:	00c11603          	lh	a2,12(sp)
80004e74:	01c12583          	lw	a1,28(sp)
80004e78:	02412503          	lw	a0,36(sp)
80004e7c:	01079793          	slli	a5,a5,0x10
80004e80:	00c7e633          	or	a2,a5,a2
80004e84:	03410693          	addi	a3,sp,52
80004e88:	b79fc0ef          	jal	80001a00 <core_init_matrix>
80004e8c:	02c12783          	lw	a5,44(sp)
80004e90:	ee1ff06f          	j	80004d70 <main+0x130>
80004e94:	00098513          	mv	a0,s3
80004e98:	000b8593          	mv	a1,s7
80004e9c:	ccdff0ef          	jal	80004b68 <__mulsi3>
80004ea0:	00198993          	addi	s3,s3,1
80004ea4:	01099993          	slli	s3,s3,0x10
80004ea8:	00aa0533          	add	a0,s4,a0
80004eac:	0109d993          	srli	s3,s3,0x10
80004eb0:	00a92623          	sw	a0,12(s2)
80004eb4:	e85ff06f          	j	80004d38 <main+0xf8>
80004eb8:	000027b7          	lui	a5,0x2
80004ebc:	8f278793          	addi	a5,a5,-1806 # 18f2 <_tbss_end+0x18ae>
80004ec0:	46f50663          	beq	a0,a5,8000532c <main+0x6ec>
80004ec4:	000057b7          	lui	a5,0x5
80004ec8:	eaf78793          	addi	a5,a5,-337 # 4eaf <_tbss_end+0x4e6b>
80004ecc:	16f51263          	bne	a0,a5,80005030 <main+0x3f0>
80004ed0:	80005537          	lui	a0,0x80005
80004ed4:	41c50513          	addi	a0,a0,1052 # 8000541c <main+0x7dc>
80004ed8:	df5fe0ef          	jal	80003ccc <puts>
80004edc:	00200793          	li	a5,2
80004ee0:	80006b37          	lui	s6,0x80006
80004ee4:	f3cb2703          	lw	a4,-196(s6) # 80005f3c <default_num_contexts>
80004ee8:	4a070063          	beqz	a4,80005388 <main+0x748>
80004eec:	05812c23          	sw	s8,88(sp)
80004ef0:	80006c37          	lui	s8,0x80006
80004ef4:	00179793          	slli	a5,a5,0x1
80004ef8:	994c0c13          	addi	s8,s8,-1644 # 80005994 <list_known_crc>
80004efc:	00fc0c33          	add	s8,s8,a5
80004f00:	800057b7          	lui	a5,0x80005
80004f04:	05912a23          	sw	s9,84(sp)
80004f08:	00000b93          	li	s7,0
80004f0c:	4a478c93          	addi	s9,a5,1188 # 800054a4 <main+0x864>
80004f10:	00000913          	li	s2,0
80004f14:	80005ab7          	lui	s5,0x80005
80004f18:	0280006f          	j	80004f40 <main+0x300>
80004f1c:	00240433          	add	s0,s0,sp
80004f20:	04c45783          	lhu	a5,76(s0)
80004f24:	017784b3          	add	s1,a5,s7
80004f28:	00190913          	addi	s2,s2,1
80004f2c:	f3cb2783          	lw	a5,-196(s6)
80004f30:	01091913          	slli	s2,s2,0x10
80004f34:	01095913          	srli	s2,s2,0x10
80004f38:	00048b93          	mv	s7,s1
80004f3c:	0cf97a63          	bgeu	s2,a5,80005010 <main+0x3d0>
80004f40:	00491413          	slli	s0,s2,0x4
80004f44:	012404b3          	add	s1,s0,s2
80004f48:	00249493          	slli	s1,s1,0x2
80004f4c:	05048793          	addi	a5,s1,80
80004f50:	002784b3          	add	s1,a5,sp
80004f54:	fdc4a783          	lw	a5,-36(s1)
80004f58:	fe049e23          	sh	zero,-4(s1)
80004f5c:	0017f713          	andi	a4,a5,1
80004f60:	02070663          	beqz	a4,80004f8c <main+0x34c>
80004f64:	ff64d603          	lhu	a2,-10(s1)
80004f68:	000c5683          	lhu	a3,0(s8)
80004f6c:	02d60063          	beq	a2,a3,80004f8c <main+0x34c>
80004f70:	00090593          	mv	a1,s2
80004f74:	000c8513          	mv	a0,s9
80004f78:	d01fe0ef          	jal	80003c78 <printf>
80004f7c:	ffc4d703          	lhu	a4,-4(s1)
80004f80:	fdc4a783          	lw	a5,-36(s1)
80004f84:	00170713          	addi	a4,a4,1 # 1000001 <_tbss_end+0xffffbd>
80004f88:	fee49e23          	sh	a4,-4(s1)
80004f8c:	0027f713          	andi	a4,a5,2
80004f90:	02070e63          	beqz	a4,80004fcc <main+0x38c>
80004f94:	012404b3          	add	s1,s0,s2
80004f98:	00249493          	slli	s1,s1,0x2
80004f9c:	05048713          	addi	a4,s1,80
80004fa0:	002704b3          	add	s1,a4,sp
80004fa4:	ff84d603          	lhu	a2,-8(s1)
80004fa8:	00cc5683          	lhu	a3,12(s8)
80004fac:	02d60063          	beq	a2,a3,80004fcc <main+0x38c>
80004fb0:	00090593          	mv	a1,s2
80004fb4:	4d4a8513          	addi	a0,s5,1236 # 800054d4 <main+0x894>
80004fb8:	cc1fe0ef          	jal	80003c78 <printf>
80004fbc:	ffc4d703          	lhu	a4,-4(s1)
80004fc0:	fdc4a783          	lw	a5,-36(s1)
80004fc4:	00170713          	addi	a4,a4,1
80004fc8:	fee49e23          	sh	a4,-4(s1)
80004fcc:	01240433          	add	s0,s0,s2
80004fd0:	0047f793          	andi	a5,a5,4
80004fd4:	00241413          	slli	s0,s0,0x2
80004fd8:	f40782e3          	beqz	a5,80004f1c <main+0x2dc>
80004fdc:	05040793          	addi	a5,s0,80
80004fe0:	00278433          	add	s0,a5,sp
80004fe4:	ffa45603          	lhu	a2,-6(s0)
80004fe8:	018c5683          	lhu	a3,24(s8)
80004fec:	2ad61663          	bne	a2,a3,80005298 <main+0x658>
80004ff0:	ffc45783          	lhu	a5,-4(s0)
80004ff4:	00190913          	addi	s2,s2,1
80004ff8:	01091913          	slli	s2,s2,0x10
80004ffc:	017784b3          	add	s1,a5,s7
80005000:	f3cb2783          	lw	a5,-196(s6)
80005004:	01095913          	srli	s2,s2,0x10
80005008:	00048b93          	mv	s7,s1
8000500c:	f2f96ae3          	bltu	s2,a5,80004f40 <main+0x300>
80005010:	05812c03          	lw	s8,88(sp)
80005014:	05412c83          	lw	s9,84(sp)
80005018:	0240006f          	j	8000503c <main+0x3fc>
8000501c:	01011783          	lh	a5,16(sp)
80005020:	ca079ae3          	bnez	a5,80004cd4 <main+0x94>
80005024:	06600793          	li	a5,102
80005028:	00f11823          	sh	a5,16(sp)
8000502c:	ca9ff06f          	j	80004cd4 <main+0x94>
80005030:	000107b7          	lui	a5,0x10
80005034:	fff78493          	addi	s1,a5,-1 # ffff <_tbss_end+0xffbb>
80005038:	80006b37          	lui	s6,0x80006
8000503c:	c1cfe0ef          	jal	80003458 <check_data_types>
80005040:	02412583          	lw	a1,36(sp)
80005044:	009504b3          	add	s1,a0,s1
80005048:	80005537          	lui	a0,0x80005
8000504c:	53850513          	addi	a0,a0,1336 # 80005538 <main+0x8f8>
80005050:	c29fe0ef          	jal	80003c78 <printf>
80005054:	80005537          	lui	a0,0x80005
80005058:	00098593          	mv	a1,s3
8000505c:	55050513          	addi	a0,a0,1360 # 80005550 <main+0x910>
80005060:	c19fe0ef          	jal	80003c78 <printf>
80005064:	00098513          	mv	a0,s3
80005068:	c3cfe0ef          	jal	800034a4 <time_in_secs>
8000506c:	00050593          	mv	a1,a0
80005070:	80005537          	lui	a0,0x80005
80005074:	56850513          	addi	a0,a0,1384 # 80005568 <main+0x928>
80005078:	c01fe0ef          	jal	80003c78 <printf>
8000507c:	00098513          	mv	a0,s3
80005080:	c24fe0ef          	jal	800034a4 <time_in_secs>
80005084:	24051863          	bnez	a0,800052d4 <main+0x694>
80005088:	00098513          	mv	a0,s3
8000508c:	c18fe0ef          	jal	800034a4 <time_in_secs>
80005090:	00900793          	li	a5,9
80005094:	22a7f663          	bgeu	a5,a0,800052c0 <main+0x680>
80005098:	f3cb2583          	lw	a1,-196(s6) # 80005f3c <default_num_contexts>
8000509c:	02812503          	lw	a0,40(sp)
800050a0:	01049493          	slli	s1,s1,0x10
800050a4:	4104d493          	srai	s1,s1,0x10
800050a8:	ac1ff0ef          	jal	80004b68 <__mulsi3>
800050ac:	00050593          	mv	a1,a0
800050b0:	80005537          	lui	a0,0x80005
800050b4:	5d850513          	addi	a0,a0,1496 # 800055d8 <main+0x998>
800050b8:	bc1fe0ef          	jal	80003c78 <printf>
800050bc:	800055b7          	lui	a1,0x80005
800050c0:	80005537          	lui	a0,0x80005
800050c4:	5f058593          	addi	a1,a1,1520 # 800055f0 <main+0x9b0>
800050c8:	5fc50513          	addi	a0,a0,1532 # 800055fc <main+0x9bc>
800050cc:	badfe0ef          	jal	80003c78 <printf>
800050d0:	800055b7          	lui	a1,0x80005
800050d4:	80005537          	lui	a0,0x80005
800050d8:	61458593          	addi	a1,a1,1556 # 80005614 <main+0x9d4>
800050dc:	6c450513          	addi	a0,a0,1732 # 800056c4 <main+0xa84>
800050e0:	b99fe0ef          	jal	80003c78 <printf>
800050e4:	800055b7          	lui	a1,0x80005
800050e8:	80005537          	lui	a0,0x80005
800050ec:	6dc58593          	addi	a1,a1,1756 # 800056dc <main+0xa9c>
800050f0:	72c50513          	addi	a0,a0,1836 # 8000572c <main+0xaec>
800050f4:	b85fe0ef          	jal	80003c78 <printf>
800050f8:	80005537          	lui	a0,0x80005
800050fc:	000a0593          	mv	a1,s4
80005100:	74450513          	addi	a0,a0,1860 # 80005744 <main+0xb04>
80005104:	b75fe0ef          	jal	80003c78 <printf>
80005108:	02c12783          	lw	a5,44(sp)
8000510c:	0017f713          	andi	a4,a5,1
80005110:	04070863          	beqz	a4,80005160 <main+0x520>
80005114:	f3cb2703          	lw	a4,-196(s6)
80005118:	04070463          	beqz	a4,80005160 <main+0x520>
8000511c:	80005937          	lui	s2,0x80005
80005120:	76090913          	addi	s2,s2,1888 # 80005760 <main+0xb20>
80005124:	00000413          	li	s0,0
80005128:	00441793          	slli	a5,s0,0x4
8000512c:	008787b3          	add	a5,a5,s0
80005130:	00279793          	slli	a5,a5,0x2
80005134:	002787b3          	add	a5,a5,sp
80005138:	0467d603          	lhu	a2,70(a5)
8000513c:	00040593          	mv	a1,s0
80005140:	00090513          	mv	a0,s2
80005144:	b35fe0ef          	jal	80003c78 <printf>
80005148:	00140413          	addi	s0,s0,1
8000514c:	f3cb2783          	lw	a5,-196(s6)
80005150:	01041413          	slli	s0,s0,0x10
80005154:	01045413          	srli	s0,s0,0x10
80005158:	fcf468e3          	bltu	s0,a5,80005128 <main+0x4e8>
8000515c:	02c12783          	lw	a5,44(sp)
80005160:	0027f713          	andi	a4,a5,2
80005164:	04070863          	beqz	a4,800051b4 <main+0x574>
80005168:	f3cb2703          	lw	a4,-196(s6)
8000516c:	22070263          	beqz	a4,80005390 <main+0x750>
80005170:	80005937          	lui	s2,0x80005
80005174:	77c90913          	addi	s2,s2,1916 # 8000577c <main+0xb3c>
80005178:	00000413          	li	s0,0
8000517c:	00441793          	slli	a5,s0,0x4
80005180:	008787b3          	add	a5,a5,s0
80005184:	00279793          	slli	a5,a5,0x2
80005188:	002787b3          	add	a5,a5,sp
8000518c:	0487d603          	lhu	a2,72(a5)
80005190:	00040593          	mv	a1,s0
80005194:	00090513          	mv	a0,s2
80005198:	ae1fe0ef          	jal	80003c78 <printf>
8000519c:	00140413          	addi	s0,s0,1
800051a0:	f3cb2783          	lw	a5,-196(s6)
800051a4:	01041413          	slli	s0,s0,0x10
800051a8:	01045413          	srli	s0,s0,0x10
800051ac:	fcf468e3          	bltu	s0,a5,8000517c <main+0x53c>
800051b0:	02c12783          	lw	a5,44(sp)
800051b4:	0047f793          	andi	a5,a5,4
800051b8:	04078663          	beqz	a5,80005204 <main+0x5c4>
800051bc:	f3cb2783          	lw	a5,-196(s6)
800051c0:	08078663          	beqz	a5,8000524c <main+0x60c>
800051c4:	80005937          	lui	s2,0x80005
800051c8:	79890913          	addi	s2,s2,1944 # 80005798 <main+0xb58>
800051cc:	00000413          	li	s0,0
800051d0:	00441793          	slli	a5,s0,0x4
800051d4:	008787b3          	add	a5,a5,s0
800051d8:	00279793          	slli	a5,a5,0x2
800051dc:	002787b3          	add	a5,a5,sp
800051e0:	04a7d603          	lhu	a2,74(a5)
800051e4:	00040593          	mv	a1,s0
800051e8:	00090513          	mv	a0,s2
800051ec:	a8dfe0ef          	jal	80003c78 <printf>
800051f0:	00140413          	addi	s0,s0,1
800051f4:	f3cb2783          	lw	a5,-196(s6)
800051f8:	01041413          	slli	s0,s0,0x10
800051fc:	01045413          	srli	s0,s0,0x10
80005200:	fcf468e3          	bltu	s0,a5,800051d0 <main+0x590>
80005204:	f3cb2783          	lw	a5,-196(s6)
80005208:	80005937          	lui	s2,0x80005
8000520c:	7b490913          	addi	s2,s2,1972 # 800057b4 <main+0xb74>
80005210:	00000413          	li	s0,0
80005214:	02078c63          	beqz	a5,8000524c <main+0x60c>
80005218:	00441793          	slli	a5,s0,0x4
8000521c:	008787b3          	add	a5,a5,s0
80005220:	00279793          	slli	a5,a5,0x2
80005224:	002787b3          	add	a5,a5,sp
80005228:	0447d603          	lhu	a2,68(a5)
8000522c:	00040593          	mv	a1,s0
80005230:	00090513          	mv	a0,s2
80005234:	a45fe0ef          	jal	80003c78 <printf>
80005238:	00140413          	addi	s0,s0,1
8000523c:	f3cb2783          	lw	a5,-196(s6)
80005240:	01041413          	slli	s0,s0,0x10
80005244:	01045413          	srli	s0,s0,0x10
80005248:	fcf468e3          	bltu	s0,a5,80005218 <main+0x5d8>
8000524c:	0c048063          	beqz	s1,8000530c <main+0x6cc>
80005250:	0c905663          	blez	s1,8000531c <main+0x6dc>
80005254:	80006537          	lui	a0,0x80006
80005258:	87c50513          	addi	a0,a0,-1924 # 8000587c <main+0xc3c>
8000525c:	a71fe0ef          	jal	80003ccc <puts>
80005260:	04e10513          	addi	a0,sp,78
80005264:	a6cfe0ef          	jal	800034d0 <portable_fini>
80005268:	07c12083          	lw	ra,124(sp)
8000526c:	07812403          	lw	s0,120(sp)
80005270:	07412483          	lw	s1,116(sp)
80005274:	07012903          	lw	s2,112(sp)
80005278:	06c12983          	lw	s3,108(sp)
8000527c:	06812a03          	lw	s4,104(sp)
80005280:	06412a83          	lw	s5,100(sp)
80005284:	06012b03          	lw	s6,96(sp)
80005288:	05c12b83          	lw	s7,92(sp)
8000528c:	00000513          	li	a0,0
80005290:	08010113          	addi	sp,sp,128
80005294:	00008067          	ret
80005298:	80005537          	lui	a0,0x80005
8000529c:	50850513          	addi	a0,a0,1288 # 80005508 <main+0x8c8>
800052a0:	00090593          	mv	a1,s2
800052a4:	9d5fe0ef          	jal	80003c78 <printf>
800052a8:	ffc45783          	lhu	a5,-4(s0)
800052ac:	00178793          	addi	a5,a5,1
800052b0:	01079793          	slli	a5,a5,0x10
800052b4:	0107d793          	srli	a5,a5,0x10
800052b8:	fef41e23          	sh	a5,-4(s0)
800052bc:	c69ff06f          	j	80004f24 <main+0x2e4>
800052c0:	80005537          	lui	a0,0x80005
800052c4:	59850513          	addi	a0,a0,1432 # 80005598 <main+0x958>
800052c8:	a05fe0ef          	jal	80003ccc <puts>
800052cc:	00148493          	addi	s1,s1,1
800052d0:	dc9ff06f          	j	80005098 <main+0x458>
800052d4:	f3cb2583          	lw	a1,-196(s6)
800052d8:	02812503          	lw	a0,40(sp)
800052dc:	88dff0ef          	jal	80004b68 <__mulsi3>
800052e0:	00050413          	mv	s0,a0
800052e4:	00098513          	mv	a0,s3
800052e8:	9bcfe0ef          	jal	800034a4 <time_in_secs>
800052ec:	00050593          	mv	a1,a0
800052f0:	00040513          	mv	a0,s0
800052f4:	8a1ff0ef          	jal	80004b94 <__hidden___udivsi3>
800052f8:	00050593          	mv	a1,a0
800052fc:	80005537          	lui	a0,0x80005
80005300:	58050513          	addi	a0,a0,1408 # 80005580 <main+0x940>
80005304:	975fe0ef          	jal	80003c78 <printf>
80005308:	d81ff06f          	j	80005088 <main+0x448>
8000530c:	80005537          	lui	a0,0x80005
80005310:	7d050513          	addi	a0,a0,2000 # 800057d0 <main+0xb90>
80005314:	9b9fe0ef          	jal	80003ccc <puts>
80005318:	f49ff06f          	j	80005260 <main+0x620>
8000531c:	80006537          	lui	a0,0x80006
80005320:	81850513          	addi	a0,a0,-2024 # 80005818 <main+0xbd8>
80005324:	9a9fe0ef          	jal	80003ccc <puts>
80005328:	f39ff06f          	j	80005260 <main+0x620>
8000532c:	80005537          	lui	a0,0x80005
80005330:	47850513          	addi	a0,a0,1144 # 80005478 <main+0x838>
80005334:	999fe0ef          	jal	80003ccc <puts>
80005338:	00400793          	li	a5,4
8000533c:	ba5ff06f          	j	80004ee0 <main+0x2a0>
80005340:	80005537          	lui	a0,0x80005
80005344:	3ec50513          	addi	a0,a0,1004 # 800053ec <main+0x7ac>
80005348:	985fe0ef          	jal	80003ccc <puts>
8000534c:	00100793          	li	a5,1
80005350:	b91ff06f          	j	80004ee0 <main+0x2a0>
80005354:	80005537          	lui	a0,0x80005
80005358:	3c050513          	addi	a0,a0,960 # 800053c0 <main+0x780>
8000535c:	971fe0ef          	jal	80003ccc <puts>
80005360:	00000793          	li	a5,0
80005364:	b7dff06f          	j	80004ee0 <main+0x2a0>
80005368:	01011783          	lh	a5,16(sp)
8000536c:	960794e3          	bnez	a5,80004cd4 <main+0x94>
80005370:	341537b7          	lui	a5,0x34153
80005374:	41578793          	addi	a5,a5,1045 # 34153415 <_tbss_end+0x341533d1>
80005378:	06600713          	li	a4,102
8000537c:	00f12623          	sw	a5,12(sp)
80005380:	00e11823          	sh	a4,16(sp)
80005384:	951ff06f          	j	80004cd4 <main+0x94>
80005388:	00000493          	li	s1,0
8000538c:	cb1ff06f          	j	8000503c <main+0x3fc>
80005390:	0047f793          	andi	a5,a5,4
80005394:	e60788e3          	beqz	a5,80005204 <main+0x5c4>
80005398:	eb5ff06f          	j	8000524c <main+0x60c>
8000539c:	80006537          	lui	a0,0x80006
800053a0:	ff010113          	addi	sp,sp,-16
800053a4:	97050513          	addi	a0,a0,-1680 # 80005970 <main+0xd30>
800053a8:	00112623          	sw	ra,12(sp)
800053ac:	fa0fe0ef          	jal	80003b4c <printstr>
800053b0:	00c12083          	lw	ra,12(sp)
800053b4:	fff00513          	li	a0,-1
800053b8:	01010113          	addi	sp,sp,16
800053bc:	00008067          	ret
